-- MySQL dump 10.13  Distrib 8.0.23, for Win64 (x86_64)
--
-- Host: localhost    Database: tahlel
-- ------------------------------------------------------
-- Server version	8.0.23

/*!40101 SET @OLD_CHARACTER_SET_CLIENT=@@CHARACTER_SET_CLIENT */;
/*!40101 SET @OLD_CHARACTER_SET_RESULTS=@@CHARACTER_SET_RESULTS */;
/*!40101 SET @OLD_COLLATION_CONNECTION=@@COLLATION_CONNECTION */;
/*!50503 SET NAMES utf8 */;
/*!40103 SET @OLD_TIME_ZONE=@@TIME_ZONE */;
/*!40103 SET TIME_ZONE='+00:00' */;
/*!40014 SET @OLD_UNIQUE_CHECKS=@@UNIQUE_CHECKS, UNIQUE_CHECKS=0 */;
/*!40014 SET @OLD_FOREIGN_KEY_CHECKS=@@FOREIGN_KEY_CHECKS, FOREIGN_KEY_CHECKS=0 */;
/*!40101 SET @OLD_SQL_MODE=@@SQL_MODE, SQL_MODE='NO_AUTO_VALUE_ON_ZERO' */;
/*!40111 SET @OLD_SQL_NOTES=@@SQL_NOTES, SQL_NOTES=0 */;

--
-- Table structure for table `addanalyst`
--

DROP TABLE IF EXISTS `addanalyst`;
/*!40101 SET @saved_cs_client     = @@character_set_client */;
/*!50503 SET character_set_client = utf8mb4 */;
CREATE TABLE `addanalyst` (
  `id` int NOT NULL AUTO_INCREMENT,
  `name` varchar(255) NOT NULL,
  `default_result1` float DEFAULT NULL,
  `default_result2` float DEFAULT NULL,
  `price` decimal(10,5) DEFAULT NULL,
  `category` varchar(45) DEFAULT NULL,
  `sub_category` varchar(45) DEFAULT NULL,
  `date` datetime DEFAULT NULL,
  PRIMARY KEY (`id`)
) ENGINE=InnoDB AUTO_INCREMENT=86 DEFAULT CHARSET=utf8;
/*!40101 SET character_set_client = @saved_cs_client */;

--
-- Dumping data for table `addanalyst`
--

LOCK TABLES `addanalyst` WRITE;
/*!40000 ALTER TABLE `addanalyst` DISABLE KEYS */;
INSERT INTO `addanalyst` VALUES (5,'Random  blood sugar',80,140,2.00000,'عدد','bio','2021-02-22 23:07:23'),(6,'Blood Urea',20,45,3.00000,'عدد','bio','2021-02-22 23:11:50'),(7,'S. Creatinin',0.7,1.4,3.00000,'عدد','bio','2021-02-22 23:13:53'),(8,'S. Uric acid',3,7,3.00000,'عدد','bio','2021-02-22 23:14:50'),(9,'S. Cholesterol',150,250,3.00000,'عدد','bio','2021-02-22 23:15:47'),(10,'S. Triglycerid',65,80,3.00000,'عدد','bio','2021-02-22 23:16:20'),(11,'Total serum Bilirubin',0.3,1,3.00000,'عدد','bio','2021-02-22 23:17:26'),(12,'S.Calcium',8.8,10.2,3.00000,'عدد','bio','2021-02-22 23:18:14'),(13,'Vitamin D',0,0,10.00000,'عدد','bio','2021-02-22 23:18:58'),(14,'Color:GSE',0,0,0.00000,'خيارات','GSE','2021-02-22 23:20:34'),(15,'Consistency',0,0,0.00000,'خيارات','GSE','2021-02-22 23:22:08'),(16,'R.B.Cs:GSE',0,0,0.00000,'خيارات','GSE','2021-02-22 23:22:58'),(17,'Pus cells:GSE',0,0,0.00000,'خيارات','GSE','2021-02-22 23:23:17'),(18,'E. Histolytica',0,0,0.00000,'خيارات','GSE','2021-02-22 23:23:41'),(19,'G. Lembilia',0,0,0.00000,'خيارات','GSE','2021-02-22 23:24:19'),(20,'Ova',0,0,0.00000,'خيارات','GSE','2021-02-22 23:24:56'),(21,'Other:GSE',0,0,0.00000,'خيارات','GSE','2021-02-22 23:25:22'),(22,'Appearance',0,0,0.00000,'خيارات','GUE','2021-02-22 23:26:16'),(23,'Reaction:GUE',0,0,0.00000,'خيارات','GUE','2021-02-22 23:26:37'),(24,'Albumin',0,0,0.00000,'خيارات','GUE','2021-02-22 23:26:57'),(25,'Sugar',0,0,0.00000,'خيارات','GUE','2021-02-22 23:27:30'),(26,'RBCs:GUE',0,0,0.00000,'خيارات','GUE','2021-02-22 23:28:04'),(27,'Pus cells:GUE',0,0,0.00000,'خيارات','GUE','2021-02-22 23:28:29'),(28,'Epith .cells',0,0,0.00000,'خيارات','GUE','2021-02-22 23:28:59'),(29,'Crystals',0,0,0.00000,'خيارات','GUE','2021-02-22 23:29:30'),(30,'Casts',0,0,0.00000,'خيارات','GUE','2021-02-22 23:30:06'),(31,'Other:GUE',0,0,0.00000,'خيارات','GUE','2021-02-22 23:30:39'),(32,'Hb',0,0,3.00000,'خيارات مع تعديل','hematology','2021-02-22 23:31:12'),(33,'PCV',0,0,3.00000,'عدد','hematology','2021-02-22 23:31:42'),(34,'WBCs',0,0,3.00000,'عدد','hematology','2021-02-22 23:32:10'),(35,'E.S.R',0,0,3.00000,'عدد','hematology','2021-02-22 23:32:33'),(36,'Blood Group',0,0,3.00000,'خيارات','hematology','2021-02-22 23:33:03'),(37,'Rh',0,0,3.00000,'خيارات','hematology','2021-02-22 23:33:30'),(38,'Pregnancy test  in urine',0,0,3.00000,'خيارات','hematology','2021-02-22 23:34:12'),(39,'Pregnancy test  in serum',0,0,3.00000,'خيارات','hematology','2021-02-22 23:34:40'),(40,'R.B.Sugar',0,0,2.00000,'عدد','hematology','2021-02-22 23:35:07'),(41,'Bl. Urea',0,0,3.00000,'عدد','hematology','2021-02-22 23:35:28'),(42,'Salmonella typhi  IgG',0,0,4.00000,'خيارات','hematology','2021-02-22 23:35:50'),(43,'Salmonella typhi  IgM',0,0,4.00000,'خيارات','hematology','2021-02-22 23:36:16'),(44,'Rose-Bengal test',0,0,3.00000,'خيارات','hematology','2021-02-22 23:36:34'),(45,'T3',0,0,7.00000,'عدد','هرمونات مشترك','2021-02-23 23:10:14'),(46,'T4',0,0,7.00000,'عدد','هرمونات مشترك','2021-02-23 23:11:06'),(47,'TSH',0,0,7.00000,'عدد','هرمونات مشترك','2021-02-23 23:11:36'),(48,'LH',0,0,10.00000,'عدد','هرمونات مشترك','2021-02-23 23:12:03'),(49,'FSH',0,0,10.00000,'عدد','هرمونات مشترك','2021-02-23 23:12:41'),(50,'Prolactin',0,0,10.00000,'عدد','هرمونات مشترك','2021-02-23 23:13:23'),(51,'Testosterone',0,0,10.00000,'عدد','هرمونات مشترك','2021-02-23 23:13:55'),(52,'Toxoplasma IgG',0,0,10.00000,'خيارات','هرمونات مشترك','2021-02-23 23:38:11'),(53,'Toxoplasma IgM',0,0,10.00000,'خيارات','هرمونات مشترك','2021-02-23 23:38:29'),(54,'Cytomegalo Virus IgG',0,0,10.00000,'خيارات','هرمونات مشترك','2021-02-23 23:40:00'),(55,'Cytomegalo Virus IgM',0,0,10.00000,'خيارات','هرمونات مشترك','2021-02-23 23:40:25'),(56,'Rubella IgG',0,0,10.00000,'خيارات','هرمونات مشترك','2021-02-23 23:40:45'),(57,'Rubella IgM',0,0,10.00000,'خيارات','هرمونات مشترك','2021-02-23 23:36:56'),(58,'Anti - Phspholipin IgG',0,0,10.00000,'خيارات','هرمونات مشترك','2021-02-23 23:41:17'),(59,'Anti - Phspholipin  IgM',0,0,10.00000,'خيارات','هرمونات مشترك','2021-02-23 23:41:44'),(60,'Anti - Cardiolipin  IgG',0,0,10.00000,'خيارات','هرمونات مشترك','2021-02-23 23:41:58'),(61,'Anti - Cardiolipin  IgM',0,0,10.00000,'خيارات','هرمونات مشترك','2021-02-23 23:42:14'),(62,'Herps   IgG',0,0,10.00000,'خيارات','هرمونات مشترك','2021-02-23 23:42:34'),(63,'Herpes  IgM',0,0,10.00000,'خيارات','هرمونات مشترك','2021-02-23 23:42:50'),(65,'Volume',0,0,0.00000,'خيارات','SFA',NULL),(66,'Reaction:SFA',0,0,0.00000,'خيارات','SFA',NULL),(67,'Colour:SFA',0,0,0.00000,'خيارات','SFA',NULL),(68,'Liquefaction',0,0,0.00000,'خيارات','SFA',NULL),(69,'Count',0,0,0.00000,'عدد','SFA',NULL),(70,'Motility:Active',0,0,0.00000,'خيارات','SFA',NULL),(71,'Motility:Sluggish',0,0,0.00000,'خيارات','SFA',NULL),(72,'Motility:Dead',0,0,0.00000,'خيارات','SFA',NULL),(73,'Morphology:Normal',0,0,0.00000,'خيارات','SFA',NULL),(74,'Morphology:Abnormal',0,0,0.00000,'خيارات','SFA',NULL),(75,'Morphology:Pus cells',0,0,0.00000,'خيارات','SFA',NULL),(76,'Other:SFA',0,0,0.00000,'خيارات','SFA',NULL),(77,'HBS Ag',0,0,5.00000,'خيارات','hematology',NULL),(78,'HCV Ab',0,0,5.00000,'خيارات','hematology',NULL),(79,'HIV',0,0,5.00000,'خيارات','hematology',NULL),(80,'Bacteria:GSE',0,0,0.00000,'خيارات','GSE',NULL),(81,'Monillia:GSE',0,0,0.00000,'خيارات','GSE',NULL),(82,'Fatty drop:GSE',0,0,0.00000,'خيارات','GSE',NULL),(83,'Bacteria:GUE',0,0,0.00000,'خيارات','GUE',NULL),(84,'Monillia:GUE',0,0,0.00000,'خيارات','GUE',NULL),(85,'Mucuse:GUE',0,0,0.00000,'خيارات','GUE',NULL);
/*!40000 ALTER TABLE `addanalyst` ENABLE KEYS */;
UNLOCK TABLES;

--
-- Table structure for table `addbuys`
--

DROP TABLE IF EXISTS `addbuys`;
/*!40101 SET @saved_cs_client     = @@character_set_client */;
/*!50503 SET character_set_client = utf8mb4 */;
CREATE TABLE `addbuys` (
  `id` int NOT NULL AUTO_INCREMENT,
  `item_name` varchar(255) DEFAULT NULL,
  `signal_item_price` int DEFAULT NULL,
  `total_price` int DEFAULT NULL,
  `buys_type` varchar(255) DEFAULT NULL,
  `quantity` int DEFAULT NULL,
  `date` datetime DEFAULT NULL,
  PRIMARY KEY (`id`)
) ENGINE=InnoDB AUTO_INCREMENT=4 DEFAULT CHARSET=utf8;
/*!40101 SET character_set_client = @saved_cs_client */;

--
-- Dumping data for table `addbuys`
--

LOCK TABLES `addbuys` WRITE;
/*!40000 ALTER TABLE `addbuys` DISABLE KEYS */;
INSERT INTO `addbuys` VALUES (1,'ali',21,100,'--------------',16,'2000-01-01 00:00:00'),(3,'item_name',10,100,'item_type',18,'2021-02-12 18:12:14');
/*!40000 ALTER TABLE `addbuys` ENABLE KEYS */;
UNLOCK TABLES;

--
-- Table structure for table `addclient`
--

DROP TABLE IF EXISTS `addclient`;
/*!40101 SET @saved_cs_client     = @@character_set_client */;
/*!50503 SET character_set_client = utf8mb4 */;
CREATE TABLE `addclient` (
  `id` int NOT NULL AUTO_INCREMENT,
  `client_name` varchar(255) DEFAULT NULL,
  `client_age` int DEFAULT NULL,
  `client_genus` varchar(255) DEFAULT NULL,
  `client_doctor` varchar(255) DEFAULT NULL,
  `date` datetime DEFAULT NULL,
  PRIMARY KEY (`id`)
) ENGINE=InnoDB AUTO_INCREMENT=452 DEFAULT CHARSET=utf8;
/*!40101 SET character_set_client = @saved_cs_client */;

--
-- Dumping data for table `addclient`
--

LOCK TABLES `addclient` WRITE;
/*!40000 ALTER TABLE `addclient` DISABLE KEYS */;
INSERT INTO `addclient` VALUES (118,'alia',12,'ذكر','hj','2021-02-23 22:32:45'),(119,'alih',19,'انثى','h','2021-02-24 01:56:48'),(120,'alia',12,'ذكر','----------------------','2021-02-24 01:57:47'),(121,'alia',12,'ذكر','----------------------','2021-02-24 01:57:55'),(122,'alih',19,'انثى','----------------------','2021-02-26 20:29:47'),(123,'alihji',90,'انثى','----------------------','2021-02-26 20:43:55'),(124,'alihji',90,'انثى','----------------------','2021-02-26 20:44:08'),(125,'alih',119,'ذكر','h','2021-02-26 22:28:48'),(130,'علاوي عبيس حميد',19,'انثى','عدوية شمس سعيد','2021-02-27 23:55:22'),(131,'حميد',20,'انثى','عدوية شمس سعيد','2021-02-27 23:57:02'),(132,'حمييد',29,'انثى','عدوية شمس سعيد','2021-02-27 23:59:33'),(133,'حميييد',98,'انثى','عدوية شمس سعيد','2021-02-28 00:01:03'),(134,'حميييييييييد',35,'انثى','عدوية شمس سعيد','2021-02-28 00:04:29'),(135,'حمووووووووود',99,'انثى','عدوية شمس سعيد','2021-02-28 00:08:07'),(136,'حمود',45,'انثى','عدوية شمس سعيد','2021-02-28 00:09:58'),(137,'اموري الورد',92,'انثى','عدوية شمس سعيد','2021-02-28 00:15:50'),(138,'امير عبد عبد',56,'انثى','عدوية شمس سعيد','2021-02-28 00:25:44'),(139,'اتنسنص',15,'انثى','تت','2021-02-28 00:30:59'),(140,'اتنسنص',139,'انثى','تت','2021-02-28 00:33:11'),(141,'alih',119,'ذكر','h','2021-02-28 00:38:04'),(142,'alih',119,'ذكر','h','2021-02-28 00:38:20'),(143,'alih',119,'ذكر','h','2021-02-28 00:38:31'),(144,'alih',119,'ذكر','h','2021-02-28 20:01:07'),(145,'new h',19,'انثى','h','2021-02-28 20:15:00'),(146,'new hg',19,'انثى','h','2021-02-28 20:15:15'),(147,'new hg',19,'انثى','h','2021-02-28 20:15:29'),(148,'امير سعد عبد',18,'انثى','hj','2021-02-28 20:28:12'),(149,'امير سعد عبد',18,'انثى','hj','2021-02-28 20:32:35'),(150,'امير سعد عبد',18,'انثى','hj','2021-02-28 20:33:17'),(151,'امير سعد عبد',18,'انثى','hj','2021-02-28 20:33:51'),(152,'امير سعد عبد',18,'انثى','hj','2021-02-28 20:34:23'),(153,'امير سعد عبد',18,'انثى','hj','2021-02-28 20:35:08'),(154,'عباس',19,'انثى','عدوية شمس سعيد','2021-02-28 21:22:33'),(155,'عباس علي',19,'انثى','عدوية شمس سعيد','2021-02-28 21:23:23'),(156,'عباس علي',19,'انثى','عدوية شمس سعيد','2021-02-28 21:23:38'),(159,'عباس علي',91,'انثى','عدوية شمس سعيد','2021-03-09 22:29:54'),(160,'عباس علي',155,'ذكر','عدوية شمس سعيد','2021-03-11 02:51:33'),(161,'عباس علي',155,'ذكر','عدوية شمس سعيد','2021-03-11 17:09:08'),(162,'test',78,'ذكر','عدوية شمس سعيد','2021-03-11 17:44:54'),(163,'test',78,'ذكر','عدوية شمس سعيد','2021-03-11 17:45:23'),(164,'test',78,'ذكر','عدوية شمس سعيد','2021-03-11 17:45:43'),(165,'test',78,'ذكر','عدوية شمس سعيد','2021-03-11 17:46:13'),(166,'test',162,'ذكر','عدوية شمس سعيد','2021-03-11 17:49:13'),(168,'محمد حسن عباس',41,'ذكر','عدوية شمس سعيد','2021-03-12 21:06:56'),(169,'محمد حسن عباس',41,'ذكر','عدوية شمس سعيد','2021-03-12 21:08:10'),(170,'محمد حسن عباس',41,'ذكر','عدوية شمس سعيد','2021-03-12 21:08:30'),(171,'محمد حسن عباس',168,'ذكر','عدوية شمس سعيد','2021-03-12 21:18:15'),(172,'  ىىىلالالالار',556,'ذكر','عدوية شمس سعيد','2021-03-12 21:23:57'),(173,'  ىىىلالالالار',172,'ذكر','عدوية شمس سعيد','2021-03-13 22:22:32'),(174,'  ىىىلالالالار',172,'ذكر','عدوية شمس سعيد','2021-03-13 22:22:32'),(175,'  ىىىلالالالار',172,'ذكر','عدوية شمس سعيد','2021-03-13 22:22:33'),(176,'  ىىىلالالالار',172,'ذكر','عدوية شمس سعيد','2021-03-13 22:22:33'),(177,'  ىىىلالالالار',172,'ذكر','عدوية شمس سعيد','2021-03-13 22:22:33'),(178,'  ىىىلالالالار',172,'ذكر','عدوية شمس سعيد','2021-03-13 22:22:33'),(179,'  ىىىلالالالار',172,'ذكر','عدوية شمس سعيد','2021-03-13 22:22:34'),(180,'  ىىىلالالالار',172,'ذكر','عدوية شمس سعيد','2021-03-13 22:22:34'),(181,'  ىىىلالالالار',172,'ذكر','عدوية شمس سعيد','2021-03-13 22:22:35'),(182,'  ىىىلالالالار',172,'ذكر','عدوية شمس سعيد','2021-03-13 22:22:35'),(183,'محمد حسن عباس',41,'ذكر','عدوية شمس سعيد','2021-03-13 23:26:08'),(197,'اتنسنص',15,'ذكر','تت','2021-03-14 00:32:56'),(198,'اتنسنص',15,'ذكر','تت','2021-03-14 00:32:57'),(199,'اتنسنص',15,'ذكر','تت','2021-03-14 00:32:57'),(200,'اتنسنص',15,'ذكر','تت','2021-03-14 00:32:58'),(201,'اتنسنص',15,'ذكر','تت','2021-03-14 00:32:58'),(202,'اتنسنص',15,'ذكر','تت','2021-03-14 00:32:58'),(203,'اتنسنص',15,'ذكر','تت','2021-03-14 00:32:59'),(204,'اتنسنص',15,'ذكر','تت','2021-03-14 00:32:59'),(205,'اتنسنص',15,'ذكر','تت','2021-03-14 00:33:00'),(206,'اتنسنص',15,'ذكر','تت','2021-03-14 00:33:00'),(207,'اتنسنص',15,'ذكر','تت','2021-03-14 00:33:01'),(208,'اتنسنص',15,'ذكر','تت','2021-03-14 00:33:01'),(209,'اتنسنص',15,'ذكر','تت','2021-03-14 00:33:01'),(210,'اموري الورد',92,'ذكر','عدوية شمس سعيد','2021-03-14 00:35:05'),(211,'اموري الورد',92,'ذكر','عدوية شمس سعيد','2021-03-14 00:35:06'),(212,'اموري الورد',92,'ذكر','عدوية شمس سعيد','2021-03-14 00:35:06'),(213,'اموري الورد',92,'ذكر','عدوية شمس سعيد','2021-03-14 00:35:07'),(214,'اموري الورد',92,'ذكر','عدوية شمس سعيد','2021-03-14 00:35:07'),(215,'اموري الورد',92,'ذكر','عدوية شمس سعيد','2021-03-14 00:35:08'),(216,'اموري الورد',92,'ذكر','عدوية شمس سعيد','2021-03-14 00:35:08'),(217,'اموري الورد',92,'ذكر','عدوية شمس سعيد','2021-03-14 00:35:08'),(218,'اموري الورد',92,'ذكر','عدوية شمس سعيد','2021-03-14 00:35:09'),(219,'اموري الورد',92,'ذكر','عدوية شمس سعيد','2021-03-14 00:35:09'),(220,'اموري الورد',92,'ذكر','عدوية شمس سعيد','2021-03-14 00:35:09'),(221,'اموري الورد',92,'ذكر','عدوية شمس سعيد','2021-03-14 00:35:10'),(222,'اموري الورد',92,'ذكر','عدوية شمس سعيد','2021-03-14 00:35:10'),(223,'حمود',45,'ذكر','عدوية شمس سعيد','2021-03-14 00:55:33'),(224,'حمود',45,'ذكر','عدوية شمس سعيد','2021-03-14 00:55:34'),(225,'حمود',45,'ذكر','عدوية شمس سعيد','2021-03-14 00:55:34'),(226,'حمود',45,'ذكر','عدوية شمس سعيد','2021-03-14 00:55:35'),(227,'حمود',45,'ذكر','عدوية شمس سعيد','2021-03-14 00:55:35'),(228,'حمود',45,'ذكر','عدوية شمس سعيد','2021-03-14 00:55:36'),(229,'حمود',45,'ذكر','عدوية شمس سعيد','2021-03-14 00:55:36'),(230,'حمود',45,'ذكر','عدوية شمس سعيد','2021-03-14 00:55:37'),(231,'حمود',45,'ذكر','عدوية شمس سعيد','2021-03-14 00:55:37'),(232,'حمود',45,'ذكر','عدوية شمس سعيد','2021-03-14 00:55:37'),(233,'حمود',45,'ذكر','عدوية شمس سعيد','2021-03-14 00:55:38'),(234,'حمود',45,'ذكر','عدوية شمس سعيد','2021-03-14 00:55:38'),(235,'حمود',45,'ذكر','عدوية شمس سعيد','2021-03-14 00:55:39'),(236,'حمود',45,'ذكر','عدوية شمس سعيد','2021-03-14 00:58:25'),(237,'حمود',45,'ذكر','عدوية شمس سعيد','2021-03-14 00:58:26'),(238,'حمود',45,'ذكر','عدوية شمس سعيد','2021-03-14 00:58:26'),(239,'حمود',45,'ذكر','عدوية شمس سعيد','2021-03-14 00:58:27'),(240,'حمود',45,'ذكر','عدوية شمس سعيد','2021-03-14 00:58:27'),(241,'حمود',45,'ذكر','عدوية شمس سعيد','2021-03-14 00:58:27'),(242,'حمود',45,'ذكر','عدوية شمس سعيد','2021-03-14 00:58:28'),(243,'حمود',45,'ذكر','عدوية شمس سعيد','2021-03-14 00:58:28'),(244,'حمود',45,'ذكر','عدوية شمس سعيد','2021-03-14 00:58:28'),(245,'حمود',45,'ذكر','عدوية شمس سعيد','2021-03-14 00:58:29'),(246,'حمود',45,'ذكر','عدوية شمس سعيد','2021-03-14 00:58:29'),(247,'حمود',45,'ذكر','عدوية شمس سعيد','2021-03-14 00:58:30'),(248,'حمود',45,'ذكر','عدوية شمس سعيد','2021-03-14 00:58:30'),(249,'حمود',45,'ذكر','عدوية شمس سعيد','2021-03-14 01:26:46'),(250,'حمود',45,'ذكر','عدوية شمس سعيد','2021-03-14 01:37:41'),(251,'pugio',0,'ذكر','--------------','2021-03-14 01:52:33'),(252,'هدى',33,'انثى','--------------','2021-03-14 08:55:29'),(253,'هدى',33,'انثى','--------------','2021-03-14 08:55:56'),(254,'هدى',33,'انثى','--------------','2021-03-14 08:56:33'),(255,'هدى',33,'انثى','--------------','2021-03-14 08:57:02'),(256,'هدى',33,'انثى','--------------','2021-03-14 08:57:52'),(257,'هدى',33,'انثى','--------------','2021-03-14 08:57:54'),(258,'هدى',33,'انثى','--------------','2021-03-14 08:58:27'),(259,'هدى',33,'انثى','--------------','2021-03-14 08:58:43'),(260,'هدى',33,'انثى','--------------','2021-03-14 08:59:00'),(261,'هدى',33,'انثى','--------------','2021-03-14 08:59:50'),(262,'هدى',33,'انثى','--------------','2021-03-14 09:00:07'),(263,'هدى',33,'انثى','--------------','2021-03-14 09:00:22'),(264,'هدى',33,'انثى','--------------','2021-03-14 09:01:12'),(265,'هدى',33,'انثى','--------------','2021-03-14 09:01:30'),(266,'هدى',33,'انثى','--------------','2021-03-14 09:01:44'),(267,'هدى',33,'انثى','--------------','2021-03-14 09:02:38'),(268,'هدى',33,'انثى','--------------','2021-03-14 09:02:50'),(269,'هدى',33,'انثى','--------------','2021-03-14 09:03:08'),(270,'هدى',33,'انثى','--------------','2021-03-14 09:03:22'),(271,'هدى',33,'انثى','--------------','2021-03-14 09:03:35'),(272,'هدى',33,'انثى','--------------','2021-03-14 09:03:49'),(273,'هدى',33,'انثى','--------------','2021-03-14 09:05:15'),(274,'هدى',33,'انثى','--------------','2021-03-14 09:05:36'),(275,'محمد',44,'ذكر','--------------','2021-03-14 09:15:14'),(276,'حسن',10,'ذكر','داود سلمان','2021-03-14 09:23:01'),(277,'حسن',10,'ذكر','داود سلمان','2021-03-14 09:23:17'),(278,'حسن',10,'ذكر','داود سلمان','2021-03-14 09:23:35'),(279,'حسن',10,'ذكر','داود سلمان','2021-03-14 09:23:55'),(280,'حسن',10,'ذكر','داود سلمان','2021-03-14 09:24:06'),(281,'حسن',10,'ذكر','داود سلمان','2021-03-14 09:24:18'),(282,'حسن',10,'ذكر','داود سلمان','2021-03-14 09:24:29'),(283,'jjj',9,'ذكر','--------------','2021-03-14 17:39:42'),(284,'jjj',9,'ذكر','--------------','2021-03-14 17:39:56'),(285,'kldsfljldfg',0,'ذكر','--------------','2021-03-14 17:56:00'),(286,'kldsfljldfg',0,'ذكر','--------------','2021-03-14 17:57:24'),(287,'kldsfljldfg',0,'ذكر','--------------','2021-03-14 17:57:48'),(288,'kldsfljldfg',0,'ذكر','--------------','2021-03-14 18:05:11'),(289,'kldsfljldfg',0,'ذكر','--------------','2021-03-14 18:05:22'),(290,'jjj',9,'ذكر','--------------','2021-03-14 20:22:34'),(291,'jjj',9,'ذكر','--------------','2021-03-14 20:23:48'),(292,'جديد للتجربة',18,'ذكر','عدوية شمس سعيد','2021-03-14 20:29:09'),(293,'جديد للتجربة',18,'ذكر','عدوية شمس سعيد','2021-03-14 20:29:10'),(294,'جديد للتجربة',18,'ذكر','عدوية شمس سعيد','2021-03-14 20:29:10'),(295,'جديد للتجربة',18,'ذكر','عدوية شمس سعيد','2021-03-14 20:29:10'),(296,'جديد للتجربة',18,'ذكر','عدوية شمس سعيد','2021-03-14 20:29:11'),(297,'جديد للتجربة',18,'ذكر','عدوية شمس سعيد','2021-03-14 20:29:11'),(298,'جديد للتجربة',18,'ذكر','عدوية شمس سعيد','2021-03-14 20:29:11'),(299,'جديد للتجربة',18,'ذكر','عدوية شمس سعيد','2021-03-14 20:29:12'),(300,'جديد للتجربة',18,'ذكر','عدوية شمس سعيد','2021-03-14 20:29:12'),(301,'جديد للتجربة',18,'ذكر','عدوية شمس سعيد','2021-03-14 20:29:12'),(302,'جديد للتجربة',18,'ذكر','عدوية شمس سعيد','2021-03-14 20:29:36'),(303,'جديد للتجربة',18,'ذكر','عدوية شمس سعيد','2021-03-14 20:29:36'),(304,'جديد للتجربة',18,'ذكر','عدوية شمس سعيد','2021-03-14 20:29:37'),(305,'جديد للتجربة',18,'ذكر','عدوية شمس سعيد','2021-03-14 20:29:37'),(306,'جديد للتجربة',18,'ذكر','عدوية شمس سعيد','2021-03-14 20:29:37'),(307,'جديد للتجربة',18,'ذكر','عدوية شمس سعيد','2021-03-14 20:29:38'),(308,'جديد للتجربة',18,'ذكر','عدوية شمس سعيد','2021-03-14 20:29:38'),(309,'جديد للتجربة',18,'ذكر','عدوية شمس سعيد','2021-03-14 20:29:39'),(310,'جديد للتجربة',18,'ذكر','عدوية شمس سعيد','2021-03-14 20:29:39'),(311,'جديد للتجربة',18,'ذكر','عدوية شمس سعيد','2021-03-14 20:29:39'),(312,'جديد للتجربة',18,'ذكر','عدوية شمس سعيد','2021-03-14 20:29:40'),(313,'جديد للتجربة',18,'ذكر','عدوية شمس سعيد','2021-03-14 20:29:40'),(314,'جديد للتجربة',18,'ذكر','عدوية شمس سعيد','2021-03-14 20:29:53'),(315,'جديد للتجربة',18,'ذكر','عدوية شمس سعيد','2021-03-14 20:29:54'),(316,'جديد للتجربة',18,'ذكر','عدوية شمس سعيد','2021-03-14 20:29:54'),(317,'جديد للتجربة',18,'ذكر','عدوية شمس سعيد','2021-03-14 20:29:55'),(318,'جديد للتجربة',18,'ذكر','عدوية شمس سعيد','2021-03-14 20:29:55'),(319,'جديد للتجربة',18,'ذكر','عدوية شمس سعيد','2021-03-14 20:29:55'),(320,'جديد للتجربة',18,'ذكر','عدوية شمس سعيد','2021-03-14 20:29:56'),(321,'جديد للتجربة',18,'ذكر','عدوية شمس سعيد','2021-03-14 20:29:56'),(322,'جديد للتجربة',18,'ذكر','عدوية شمس سعيد','2021-03-14 20:29:57'),(323,'جديد للتجربة',18,'ذكر','عدوية شمس سعيد','2021-03-14 20:29:57'),(324,'جديد للتجربة',18,'ذكر','عدوية شمس سعيد','2021-03-14 20:29:58'),(325,'جديد للتجربة',18,'ذكر','عدوية شمس سعيد','2021-03-14 20:30:08'),(326,'جديد للتجربة',18,'ذكر','عدوية شمس سعيد','2021-03-14 20:30:16'),(327,'جديد للتجربة',18,'ذكر','عدوية شمس سعيد','2021-03-14 20:30:21'),(328,'جديد للتجربة',18,'ذكر','عدوية شمس سعيد','2021-03-14 20:30:26'),(329,'جديد للتجربة',18,'ذكر','عدوية شمس سعيد','2021-03-14 20:30:34'),(330,'جديد للتجربة',18,'ذكر','عدوية شمس سعيد','2021-03-14 20:30:43'),(331,'جديد للتجربة',18,'ذكر','عدوية شمس سعيد','2021-03-14 20:30:52'),(332,'جديد للتجربة',18,'ذكر','عدوية شمس سعيد','2021-03-14 20:30:58'),(333,'جديد للتجربة',18,'ذكر','عدوية شمس سعيد','2021-03-14 20:32:38'),(334,'جديد للتجربة',18,'ذكر','عدوية شمس سعيد','2021-03-14 20:32:48'),(335,'جديد للتجربة',18,'ذكر','عدوية شمس سعيد','2021-03-14 20:32:55'),(336,'جديد للتجربة',18,'ذكر','عدوية شمس سعيد','2021-03-14 20:33:02'),(337,'جديد للتجربة',18,'ذكر','عدوية شمس سعيد','2021-03-14 20:33:09'),(338,'جديد للتجربة',18,'ذكر','عدوية شمس سعيد','2021-03-14 20:33:16'),(339,'جديد للتجربة',18,'ذكر','عدوية شمس سعيد','2021-03-14 20:33:24'),(340,'جديد للتجربة',18,'ذكر','عدوية شمس سعيد','2021-03-14 20:33:31'),(341,'جديد للتجربة',18,'ذكر','عدوية شمس سعيد','2021-03-14 20:33:38'),(342,'جديد للتجربة',18,'ذكر','عدوية شمس سعيد','2021-03-14 20:33:43'),(343,'جديد للتجربة',18,'ذكر','عدوية شمس سعيد','2021-03-14 20:33:49'),(344,'جديد للتجربة',18,'ذكر','عدوية شمس سعيد','2021-03-14 20:34:06'),(345,'جديد للتجربة',18,'ذكر','عدوية شمس سعيد','2021-03-14 20:34:17'),(346,'جديد للتجربة',18,'ذكر','عدوية شمس سعيد','2021-03-14 20:34:49'),(347,'جديد للتجربة',18,'ذكر','عدوية شمس سعيد','2021-03-14 20:34:54'),(348,'جديد للتجربة',18,'ذكر','عدوية شمس سعيد','2021-03-14 20:34:58'),(349,'جديد للتجربة',18,'ذكر','عدوية شمس سعيد','2021-03-14 20:35:02'),(350,'جديد للتجربة',18,'ذكر','عدوية شمس سعيد','2021-03-14 20:35:06'),(351,'جديد للتجربة',18,'ذكر','عدوية شمس سعيد','2021-03-14 20:35:10'),(352,'جديد للتجربة',18,'ذكر','عدوية شمس سعيد','2021-03-14 20:35:14'),(353,'جديد للتجربة',18,'ذكر','عدوية شمس سعيد','2021-03-14 20:35:20'),(354,'جديد للتجربة',18,'ذكر','عدوية شمس سعيد','2021-03-14 20:35:27'),(355,'جديد للتجربة',18,'ذكر','عدوية شمس سعيد','2021-03-14 20:35:33'),(356,'جديد للتجربة',18,'ذكر','عدوية شمس سعيد','2021-03-14 20:35:43'),(357,'جديد للتجربة',18,'ذكر','عدوية شمس سعيد','2021-03-14 20:35:49'),(358,'جديد للتجربة',18,'ذكر','عدوية شمس سعيد','2021-03-14 20:35:53'),(359,'جديد للتجربة',18,'ذكر','عدوية شمس سعيد','2021-03-14 20:35:57'),(360,'جديد للتجربة',18,'ذكر','عدوية شمس سعيد','2021-03-14 20:36:03'),(361,'جديد للتجربة',18,'ذكر','عدوية شمس سعيد','2021-03-14 20:36:10'),(362,'جديد للتجربة',18,'ذكر','عدوية شمس سعيد','2021-03-14 20:36:16'),(363,'جديد للتجربة',18,'ذكر','عدوية شمس سعيد','2021-03-14 20:36:24'),(364,'جديد للتجربة',18,'ذكر','عدوية شمس سعيد','2021-03-14 20:36:30'),(365,'جديد للتجربة',18,'ذكر','عدوية شمس سعيد','2021-03-14 20:37:09'),(366,'جديد للتجربة',18,'ذكر','عدوية شمس سعيد','2021-03-14 20:37:15'),(367,'جديد للتجربة',18,'ذكر','عدوية شمس سعيد','2021-03-14 20:37:21'),(368,'حميد',20,'ذكر','عدوية شمس سعيد','2021-03-14 21:10:24'),(369,'حميد',20,'ذكر','عدوية شمس سعيد','2021-03-14 21:11:16'),(370,'حميييد',98,'ذكر','عدوية شمس سعيد','2021-03-14 21:12:47'),(371,'حميييد',98,'ذكر','عدوية شمس سعيد','2021-03-14 21:14:18'),(372,'حميييد',98,'ذكر','عدوية شمس سعيد','2021-03-14 21:14:19'),(373,'حميييد',98,'ذكر','عدوية شمس سعيد','2021-03-14 21:14:19'),(374,'حميييد',98,'ذكر','عدوية شمس سعيد','2021-03-14 21:14:19'),(375,'حميييد',98,'ذكر','عدوية شمس سعيد','2021-03-14 21:14:20'),(376,'حميييد',98,'ذكر','عدوية شمس سعيد','2021-03-14 21:14:20'),(377,'حميييد',98,'ذكر','عدوية شمس سعيد','2021-03-14 21:14:20'),(378,'حميييد',98,'ذكر','عدوية شمس سعيد','2021-03-14 21:14:21'),(379,'حميييد',98,'ذكر','عدوية شمس سعيد','2021-03-14 21:14:21'),(380,'حميييد',98,'ذكر','عدوية شمس سعيد','2021-03-14 21:14:22'),(381,'حميييد',98,'ذكر','عدوية شمس سعيد','2021-03-14 21:14:22'),(382,'جديد للتجربة',18,'ذكر','عدوية شمس سعيد','2021-03-14 21:58:39'),(383,'محمد حسن عباس',41,'ذكر','عدوية شمس سعيد','2021-03-14 22:02:56'),(384,'محمد حسن عباس',41,'ذكر','عدوية شمس سعيد','2021-03-14 22:04:05'),(385,'هدى محمد جاسم',30,'انثى','عدوية شمس سعيد','2021-03-14 22:07:18'),(386,'هدى محمد جاسم',30,'انثى','عدوية شمس سعيد','2021-03-14 22:07:18'),(387,'هدى محمد جاسم',30,'انثى','عدوية شمس سعيد','2021-03-14 22:07:18'),(388,'هدى محمد جاسم',30,'انثى','عدوية شمس سعيد','2021-03-14 22:07:19'),(389,'هدى محمد جاسم',30,'انثى','عدوية شمس سعيد','2021-03-14 22:07:19'),(390,'هدى محمد جاسم',30,'انثى','عدوية شمس سعيد','2021-03-14 22:07:20'),(391,'هدى محمد جاسم',30,'انثى','عدوية شمس سعيد','2021-03-14 22:07:20'),(392,'هدى محمد جاسم',30,'انثى','عدوية شمس سعيد','2021-03-14 22:07:21'),(393,'هدى محمد جاسم',30,'انثى','عدوية شمس سعيد','2021-03-14 22:07:21'),(394,'هدى محمد جاسم',30,'انثى','عدوية شمس سعيد','2021-03-14 22:07:21'),(395,'هدى محمد جاسم',30,'انثى','عدوية شمس سعيد','2021-03-14 22:10:53'),(396,'هدى محمد جاسم',30,'انثى','عدوية شمس سعيد','2021-03-14 22:11:09'),(397,'هدى محمد جاسم',30,'انثى','عدوية شمس سعيد','2021-03-14 22:11:09'),(398,'هدى محمد جاسم',30,'انثى','عدوية شمس سعيد','2021-03-14 22:11:10'),(399,'هدى محمد جاسم',30,'انثى','عدوية شمس سعيد','2021-03-14 22:11:10'),(400,'هدى محمد جاسم',30,'انثى','عدوية شمس سعيد','2021-03-14 22:11:11'),(401,'هدى محمد جاسم',30,'انثى','عدوية شمس سعيد','2021-03-14 22:11:11'),(402,'هدى محمد جاسم',30,'انثى','عدوية شمس سعيد','2021-03-14 22:11:12'),(403,'هدى محمد جاسم',30,'انثى','عدوية شمس سعيد','2021-03-14 22:11:12'),(404,'هدى محمد جاسم',30,'انثى','عدوية شمس سعيد','2021-03-14 22:11:12'),(405,'هدى محمد جاسم',30,'انثى','عدوية شمس سعيد','2021-03-14 22:11:13'),(406,'هدى محمد جاسم',30,'انثى','عدوية شمس سعيد','2021-03-14 22:11:13'),(407,'هدى محمد جاسم',30,'انثى','عدوية شمس سعيد','2021-03-14 22:11:14'),(408,'هدى محمد جاسم',30,'انثى','عدوية شمس سعيد','2021-03-14 22:16:07'),(409,'هدى محمد جاسم',30,'انثى','عدوية شمس سعيد','2021-03-14 22:16:08'),(410,'هدى محمد جاسم',30,'انثى','عدوية شمس سعيد','2021-03-14 22:16:09'),(411,'هدى محمد جاسم',30,'انثى','عدوية شمس سعيد','2021-03-14 22:16:09'),(412,'هدى محمد جاسم',30,'انثى','عدوية شمس سعيد','2021-03-14 22:16:10'),(413,'هدى محمد جاسم',30,'انثى','عدوية شمس سعيد','2021-03-14 22:16:10'),(414,'هدى محمد جاسم',30,'انثى','عدوية شمس سعيد','2021-03-14 22:16:11'),(415,'هدى محمد جاسم',30,'انثى','عدوية شمس سعيد','2021-03-14 22:16:11'),(416,'هدى محمد جاسم',30,'انثى','عدوية شمس سعيد','2021-03-14 22:16:11'),(417,'هدى محمد جاسم',30,'انثى','عدوية شمس سعيد','2021-03-14 22:16:12'),(418,'هدى محمد جاسم',30,'انثى','عدوية شمس سعيد','2021-03-14 22:16:12'),(419,'عععععع',89,'ذكر','داود سلمان','2021-03-14 23:40:12'),(420,'عععععع',89,'ذكر','داود سلمان','2021-03-14 23:40:12'),(421,'عععععع',89,'ذكر','داود سلمان','2021-03-14 23:40:13'),(422,'عععععع',89,'ذكر','داود سلمان','2021-03-14 23:40:13'),(423,'عععععع',89,'ذكر','داود سلمان','2021-03-14 23:40:14'),(424,'عععععع',89,'ذكر','داود سلمان','2021-03-14 23:40:14'),(425,'عععععع',89,'ذكر','داود سلمان','2021-03-14 23:40:14'),(426,'عععععع',89,'ذكر','داود سلمان','2021-03-14 23:40:15'),(427,'عععععع',89,'ذكر','داود سلمان','2021-03-14 23:40:15'),(428,'عععععع',89,'ذكر','داود سلمان','2021-03-14 23:40:15'),(429,'عععععع',89,'ذكر','داود سلمان','2021-03-14 23:50:39'),(430,'عععععع',89,'ذكر','داود سلمان','2021-03-14 23:50:39'),(431,'عععععع',89,'ذكر','داود سلمان','2021-03-14 23:50:40'),(432,'عععععع',89,'ذكر','داود سلمان','2021-03-14 23:50:40'),(433,'عععععع',89,'ذكر','داود سلمان','2021-03-14 23:50:40'),(434,'عععععع',89,'ذكر','داود سلمان','2021-03-14 23:50:41'),(435,'عععععع',89,'ذكر','داود سلمان','2021-03-14 23:50:41'),(436,'عععععع',89,'ذكر','داود سلمان','2021-03-14 23:50:42'),(437,'عععععع',89,'ذكر','داود سلمان','2021-03-14 23:50:42'),(438,'عععععع',89,'ذكر','داود سلمان','2021-03-14 23:50:42'),(439,'عععععع',89,'ذكر','داود سلمان','2021-03-14 23:50:43'),(440,'عععععع',89,'ذكر','داود سلمان','2021-03-14 23:50:43'),(441,'عععععع',89,'ذكر','داود سلمان','2021-03-14 23:51:23'),(442,'عععععع',89,'ذكر','داود سلمان','2021-03-14 23:51:24'),(443,'عععععع',89,'ذكر','داود سلمان','2021-03-14 23:51:24'),(444,'عععععع',89,'ذكر','داود سلمان','2021-03-14 23:51:24'),(445,'عععععع',89,'ذكر','داود سلمان','2021-03-14 23:51:25'),(446,'عععععع',89,'ذكر','داود سلمان','2021-03-14 23:51:25'),(447,'عععععع',89,'ذكر','داود سلمان','2021-03-14 23:51:26'),(448,'عععععع',89,'ذكر','داود سلمان','2021-03-14 23:51:26'),(449,'عععععع',89,'ذكر','داود سلمان','2021-03-14 23:51:26'),(450,'عععععع',89,'ذكر','داود سلمان','2021-03-14 23:51:27'),(451,'عععععع',89,'ذكر','داود سلمان','2021-03-14 23:51:27');
/*!40000 ALTER TABLE `addclient` ENABLE KEYS */;
UNLOCK TABLES;

--
-- Table structure for table `addnewitem`
--

DROP TABLE IF EXISTS `addnewitem`;
/*!40101 SET @saved_cs_client     = @@character_set_client */;
/*!50503 SET character_set_client = utf8mb4 */;
CREATE TABLE `addnewitem` (
  `id` int NOT NULL AUTO_INCREMENT,
  `client_name` varchar(255) NOT NULL,
  `client_id` int DEFAULT NULL,
  `client_age` int DEFAULT NULL,
  `genus` varchar(255) NOT NULL,
  `doctor_name` varchar(255) NOT NULL,
  `notes` text,
  `analyst_name` varchar(255) NOT NULL,
  `analyst_result` varchar(255) DEFAULT NULL,
  `price` int DEFAULT NULL,
  `total_price` varchar(45) DEFAULT NULL,
  `date` datetime DEFAULT NULL,
  PRIMARY KEY (`id`)
) ENGINE=InnoDB AUTO_INCREMENT=421 DEFAULT CHARSET=utf8;
/*!40101 SET character_set_client = @saved_cs_client */;

--
-- Dumping data for table `addnewitem`
--

LOCK TABLES `addnewitem` WRITE;
/*!40000 ALTER TABLE `addnewitem` DISABLE KEYS */;
INSERT INTO `addnewitem` VALUES (87,'alia',118,12,'ذكر','hj','jh','Random  blood sugar ','13',0,'0','2021-02-23 22:32:45'),(88,'alih',119,19,'انثى','h','j','Blood Urea','17',0,'0','2021-02-24 01:56:49'),(89,'alia',118,12,'ذكر','----------------------','jh','S. Uric acid','18',0,'0','2021-02-24 01:57:47'),(90,'alia',118,12,'ذكر','----------------------','jh','Total serum Bilirubin','90',0,'0','2021-02-24 01:57:55'),(91,'alih',119,19,'انثى','----------------------','j','Random  blood sugar','12',0,'0','2021-02-26 20:29:47'),(92,'alihji',123,90,'انثى','----------------------','jj','Hb','67',0,'0','2021-02-26 20:43:56'),(93,'alihji',123,90,'انثى','----------------------','jj','PCV','0',0,'0','2021-02-26 20:44:08'),(94,'alih',119,119,'انثى','h','انثى','PCV','19',0,'0','2021-02-26 22:28:48'),(99,'علاوي عبيس حميد',130,19,'انثى','عدوية شمس سعيد','','Toxoplasma IgG','1',0,'0','2021-02-27 23:55:22'),(100,'حميد',131,20,'انثى','عدوية شمس سعيد','','Toxoplasma IgG','1',0,'0','2021-02-27 23:57:02'),(101,'حمييد',132,29,'انثى','عدوية شمس سعيد','','Toxoplasma IgG','1',0,'0','2021-02-27 23:59:33'),(102,'حميييد',133,98,'انثى','عدوية شمس سعيد','','Toxoplasma IgM','1',0,'0','2021-02-28 00:01:03'),(103,'حميييييييييد',134,35,'انثى','عدوية شمس سعيد','','Toxoplasma IgM','1',0,'0','2021-02-28 00:04:29'),(104,'حمووووووووود',135,99,'انثى','عدوية شمس سعيد','','Toxoplasma IgM','1',0,'0','2021-02-28 00:08:07'),(106,'اموري الورد',137,92,'انثى','عدوية شمس سعيد','','Toxoplasma IgM','0',0,'0','2021-02-28 00:15:50'),(107,'امير عبد عبد',138,56,'انثى','عدوية شمس سعيد','','Toxoplasma IgM','1',0,'0','2021-02-28 00:25:45'),(110,'alih',119,119,'ذكر','h','انثى','Other:GUE','k',0,'0','2021-02-28 00:38:04'),(111,'alih',119,119,'ذكر','h','انثى','Salmonella typhi  IgM','kh',0,'0','2021-02-28 00:38:20'),(112,'alih',119,119,'ذكر','h','انثى','Toxoplasma IgG','2',0,'0','2021-02-28 00:38:31'),(113,'alih',119,119,'ذكر','h','انثى','Count','10',0,'0','2021-02-28 20:01:07'),(114,'new h',145,19,'انثى','h','Salmonella typhi  IgM','Salmonella typhi  IgM','please',0,'0','2021-02-28 20:15:00'),(115,'new hg',146,19,'انثى','h','Salmonella typhi  IgM','Random  blood sugar','10',0,'0','2021-02-28 20:15:15'),(116,'new hg',146,19,'انثى','h','Salmonella typhi  IgM','Salmonella typhi  IgM','please',0,'0','2021-02-28 20:15:29'),(117,'امير سعد عبد',148,18,'انثى','hj','تتت','Random  blood sugar','10',0,'0','2021-02-28 20:28:12'),(118,'امير سعد عبد',148,18,'انثى','hj','تتت','R.B.Cs','هة اثقث',0,'0','2021-02-28 20:32:35'),(119,'امير سعد عبد',148,18,'انثى','hj','تتت','Appearance','hello',0,'0','2021-02-28 20:33:17'),(120,'امير سعد عبد',148,18,'انثى','hj','تتت','PCV','12',0,'0','2021-02-28 20:33:51'),(121,'امير سعد عبد',148,18,'انثى','hj','تتت','T4','45',0,'0','2021-02-28 20:34:23'),(122,'امير سعد عبد',148,18,'انثى','hj','تتت','Volume','80',0,'0','2021-02-28 20:35:09'),(123,'عباس',154,19,'انثى','عدوية شمس سعيد','تة','PCV','100898',0,'0','2021-02-28 21:22:33'),(124,'عباس علي',155,19,'انثى','عدوية شمس سعيد','تة','Random  blood sugar','112345',0,'0','2021-02-28 21:23:23'),(125,'عباس علي',155,19,'انثى','عدوية شمس سعيد','تة','PCV','1748387389373',0,'0','2021-02-28 21:23:38'),(128,'عباس علي',155,91,'انثى','عدوية شمس سعيد','','Motility:Active','12',0,'0','2021-03-09 22:29:55'),(129,'عباس علي',155,155,'ذكر','عدوية شمس سعيد','انثى','S. Creatinin','2',0,'0','2021-03-11 02:51:33'),(130,'عباس علي',155,155,'ذكر','عدوية شمس سعيد','انثى','Toxoplasma IgG','1.2 Positive',10,'10','2021-03-11 17:09:08'),(131,'test',162,78,'ذكر','عدوية شمس سعيد','','R.B.Cs:GSE','0 - 2',0,'0','2021-03-11 17:44:54'),(132,'test',162,78,'ذكر','عدوية شمس سعيد','','Pus cells:GSE','0 - 1',0,'0','2021-03-11 17:45:24'),(133,'test',162,78,'ذكر','عدوية شمس سعيد','','Random  blood sugar','10',2,'2','2021-03-11 17:45:44'),(134,'test',162,78,'ذكر','عدوية شمس سعيد','','RBCs:GUE','4 - 6',0,'0','2021-03-11 17:46:13'),(135,'test',162,162,'ذكر','عدوية شمس سعيد','ذكر','Ova','Nil',0,'0','2021-03-11 17:49:13'),(137,'محمد حسن عباس',168,41,'ذكر','عدوية شمس سعيد','','S. Uric acid','4',3,'3','2021-03-12 21:06:56'),(138,'محمد حسن عباس',168,41,'ذكر','عدوية شمس سعيد','','PCV','37',3,'3','2021-03-12 21:08:10'),(139,'محمد حسن عباس',168,41,'ذكر','عدوية شمس سعيد','','Salmonella typhi  IgG','Positive (+ve)',4,'4','2021-03-12 21:08:30'),(140,'محمد حسن عباس',168,168,'ذكر','عدوية شمس سعيد','','Color:GSE','brown',0,'0','2021-03-12 21:18:15'),(141,'  ىىىلالالالار',172,556,'ذكر','عدوية شمس سعيد','','Blood Urea','44',3,'3','2021-03-12 21:23:57'),(142,'  ىىىلالالالار',172,172,'ذكر','عدوية شمس سعيد','','Color:GSE','',0,'0','2021-03-13 22:22:32'),(143,'  ىىىلالالالار',172,172,'ذكر','عدوية شمس سعيد','','Consistency','',0,'0','2021-03-13 22:22:32'),(144,'  ىىىلالالالار',172,172,'ذكر','عدوية شمس سعيد','','R.B.Cs:GSE','',0,'0','2021-03-13 22:22:33'),(145,'  ىىىلالالالار',172,172,'ذكر','عدوية شمس سعيد','','Pus cells:GSE','',0,'0','2021-03-13 22:22:33'),(146,'  ىىىلالالالار',172,172,'ذكر','عدوية شمس سعيد','','E. Histolytica','',0,'0','2021-03-13 22:22:33'),(147,'  ىىىلالالالار',172,172,'ذكر','عدوية شمس سعيد','','G. Lembilia','',0,'0','2021-03-13 22:22:34'),(148,'  ىىىلالالالار',172,172,'ذكر','عدوية شمس سعيد','','Ova','',0,'0','2021-03-13 22:22:34'),(149,'  ىىىلالالالار',172,172,'ذكر','عدوية شمس سعيد','','Bacteria:GSE','',0,'0','2021-03-13 22:22:34'),(150,'  ىىىلالالالار',172,172,'ذكر','عدوية شمس سعيد','','Monillia:GSE','',0,'0','2021-03-13 22:22:35'),(151,'  ىىىلالالالار',172,172,'ذكر','عدوية شمس سعيد','','Fatty drop:GSE','',0,'0','2021-03-13 22:22:35'),(152,'محمد حسن عباس',168,41,'ذكر','عدوية شمس سعيد','','Pus cells:GSE','1 - 2',0,'0','2021-03-13 23:26:08'),(179,'اموري الورد',137,92,'ذكر','عدوية شمس سعيد','','Appearance','',0,'0','2021-03-14 00:35:06'),(180,'اموري الورد',137,92,'ذكر','عدوية شمس سعيد','','Reaction','',0,'0','2021-03-14 00:35:06'),(181,'اموري الورد',137,92,'ذكر','عدوية شمس سعيد','','Albumin','',0,'0','2021-03-14 00:35:06'),(182,'اموري الورد',137,92,'ذكر','عدوية شمس سعيد','','Sugar','',0,'0','2021-03-14 00:35:07'),(183,'اموري الورد',137,92,'ذكر','عدوية شمس سعيد','','RBCs:GUE','',0,'0','2021-03-14 00:35:07'),(184,'اموري الورد',137,92,'ذكر','عدوية شمس سعيد','','Pus cells:GUE','',0,'0','2021-03-14 00:35:08'),(185,'اموري الورد',137,92,'ذكر','عدوية شمس سعيد','','Epith .cells','',0,'0','2021-03-14 00:35:08'),(186,'اموري الورد',137,92,'ذكر','عدوية شمس سعيد','','Crystals','',0,'0','2021-03-14 00:35:08'),(187,'اموري الورد',137,92,'ذكر','عدوية شمس سعيد','','Casts','',0,'0','2021-03-14 00:35:09'),(188,'اموري الورد',137,92,'ذكر','عدوية شمس سعيد','','Bacteria:GSE','',0,'0','2021-03-14 00:35:09'),(189,'اموري الورد',137,92,'ذكر','عدوية شمس سعيد','','Monillia:GSE','',0,'0','2021-03-14 00:35:10'),(190,'اموري الورد',137,92,'ذكر','عدوية شمس سعيد','','Fatty drop:GSE','',0,'0','2021-03-14 00:35:10'),(191,'اموري الورد',137,92,'ذكر','عدوية شمس سعيد','','','1',0,'0','2021-03-14 00:35:10'),(204,'حمود',136,45,'ذكر','عدوية شمس سعيد','','','1',0,'0','2021-03-14 00:55:39'),(205,'حمود',136,45,'ذكر','عدوية شمس سعيد','','Appearance','',0,'0','2021-03-14 00:58:25'),(206,'حمود',136,45,'ذكر','عدوية شمس سعيد','','Reaction','',0,'0','2021-03-14 00:58:26'),(207,'حمود',136,45,'ذكر','عدوية شمس سعيد','','Albumin','',0,'0','2021-03-14 00:58:26'),(208,'حمود',136,45,'ذكر','عدوية شمس سعيد','','Sugar','',0,'0','2021-03-14 00:58:27'),(209,'حمود',136,45,'ذكر','عدوية شمس سعيد','','RBCs:GUE','',0,'0','2021-03-14 00:58:27'),(210,'حمود',136,45,'ذكر','عدوية شمس سعيد','','Pus cells:GUE','',0,'0','2021-03-14 00:58:27'),(211,'حمود',136,45,'ذكر','عدوية شمس سعيد','','Epith .cells','',0,'0','2021-03-14 00:58:28'),(212,'حمود',136,45,'ذكر','عدوية شمس سعيد','','Crystals','',0,'0','2021-03-14 00:58:28'),(213,'حمود',136,45,'ذكر','عدوية شمس سعيد','','Casts','',0,'0','2021-03-14 00:58:29'),(214,'حمود',136,45,'ذكر','عدوية شمس سعيد','','Bacteria:GSE','',0,'0','2021-03-14 00:58:29'),(215,'حمود',136,45,'ذكر','عدوية شمس سعيد','','Monillia:GSE','',0,'0','2021-03-14 00:58:30'),(216,'حمود',136,45,'ذكر','عدوية شمس سعيد','','Fatty drop:GSE','',0,'0','2021-03-14 00:58:30'),(217,'حمود',136,45,'ذكر','عدوية شمس سعيد','','','1',0,'0','2021-03-14 00:58:30'),(218,'حمود',136,45,'ذكر','عدوية شمس سعيد','','Colour:SFA','yallow',0,'0','2021-03-14 01:26:46'),(219,'حمود',136,45,'ذكر','عدوية شمس سعيد','','Colour:SFA','brown',0,'0','2021-03-14 01:37:41'),(220,'pugio',251,0,'ذكر','--------------','m','Colour:SFA','brown',0,'0','2021-03-14 01:52:33'),(221,'هدى',252,33,'انثى','--------------','','Random  blood sugar','88',2,'2','2021-03-14 08:55:29'),(222,'هدى',252,33,'انثى','--------------','','Random  blood sugar','88',2,'2','2021-03-14 08:55:57'),(223,'هدى',252,33,'انثى','--------------','','Blood Urea','43',3,'3','2021-03-14 08:56:34'),(224,'هدى',252,33,'انثى','--------------','','S. Cholesterol','175',3,'3','2021-03-14 08:57:02'),(225,'هدى',252,33,'انثى','--------------','','Hb','',3,'3','2021-03-14 08:57:53'),(226,'هدى',252,33,'انثى','--------------','','Hb','',3,'3','2021-03-14 08:57:54'),(227,'هدى',252,33,'انثى','--------------','','PCV','41',3,'3','2021-03-14 08:58:27'),(228,'هدى',252,33,'انثى','--------------','','WBCs','',3,'3','2021-03-14 08:58:43'),(229,'هدى',252,33,'انثى','--------------','','E.S.R','',3,'3','2021-03-14 08:59:00'),(230,'هدى',252,33,'انثى','--------------','','Rh','Positive (+ve)',3,'3','2021-03-14 08:59:51'),(231,'هدى',252,33,'انثى','--------------','','Pregnancy test  in urine','Negative (-ve)',3,'3','2021-03-14 09:00:07'),(232,'هدى',252,33,'انثى','--------------','','Pregnancy test  in serum','Negative (-ve)',3,'3','2021-03-14 09:00:23'),(233,'هدى',252,33,'انثى','--------------','','Salmonella typhi  IgG','Positive (+ve)',4,'4','2021-03-14 09:01:12'),(234,'هدى',252,33,'انثى','--------------','','Salmonella typhi  IgM','',4,'4','2021-03-14 09:01:30'),(235,'هدى',252,33,'انثى','--------------','','Rose-Bengal test','Negative (-ve)',3,'3','2021-03-14 09:01:44'),(236,'هدى',252,33,'انثى','--------------','','Toxoplasma IgG','1.1 Positive',10,'10','2021-03-14 09:02:38'),(237,'هدى',252,33,'انثى','--------------','','Toxoplasma IgM','0.8 Negative',10,'10','2021-03-14 09:02:50'),(238,'هدى',252,33,'انثى','--------------','','Cytomegalo Virus IgG','1.2 Positive',10,'10','2021-03-14 09:03:09'),(239,'هدى',252,33,'انثى','--------------','','Cytomegalo Virus IgM','0.7 Negative',10,'10','2021-03-14 09:03:22'),(240,'هدى',252,33,'انثى','--------------','','Rubella IgG','1.3 Positive',10,'10','2021-03-14 09:03:35'),(241,'هدى',252,33,'انثى','--------------','','Rubella IgM','0.5 Negative',10,'10','2021-03-14 09:03:50'),(242,'هدى',252,33,'انثى','--------------','','Count','46',0,'0','2021-03-14 09:05:15'),(243,'هدى',252,33,'انثى','--------------','','Motility:Active','25',0,'0','2021-03-14 09:05:36'),(244,'محمد',275,44,'ذكر','--------------','','Blood Urea','45',3,'3','2021-03-14 09:15:14'),(245,'حسن',276,10,'ذكر','داود سلمان','','Color:GSE','yallow',0,'0','2021-03-14 09:23:01'),(246,'حسن',276,10,'ذكر','داود سلمان','','Consistency','Semi liquid',0,'0','2021-03-14 09:23:17'),(247,'حسن',276,10,'ذكر','داود سلمان','','R.B.Cs:GSE','2 - 3',0,'0','2021-03-14 09:23:35'),(248,'حسن',276,10,'ذكر','داود سلمان','','Pus cells:GSE','+',0,'0','2021-03-14 09:23:56'),(249,'حسن',276,10,'ذكر','داود سلمان','','E. Histolytica','Cyst',0,'0','2021-03-14 09:24:06'),(250,'حسن',276,10,'ذكر','داود سلمان','','G. Lembilia','Trophozoite',0,'0','2021-03-14 09:24:18'),(251,'حسن',276,10,'ذكر','داود سلمان','','Ova','Nil',0,'0','2021-03-14 09:24:29'),(252,'jjj',283,9,'ذكر','--------------','','Random  blood sugar','12',2,'2','2021-03-14 17:39:42'),(253,'jjj',283,9,'ذكر','--------------','','Blood Urea','12',3,'3','2021-03-14 17:39:56'),(254,'kldsfljldfg',285,0,'ذكر','--------------','','R.B.Cs:GSE','2 - 3',0,'0','2021-03-14 17:56:00'),(255,'kldsfljldfg',285,0,'ذكر','--------------','','Color:GSE','brown',0,'0','2021-03-14 17:57:24'),(256,'kldsfljldfg',285,0,'ذكر','--------------','','Pus cells:GSE','0 - 1',0,'0','2021-03-14 17:57:48'),(257,'kldsfljldfg',285,0,'ذكر','--------------','','E. Histolytica','Trophozoite',0,'0','2021-03-14 18:05:11'),(258,'kldsfljldfg',285,0,'ذكر','--------------','','Ova','Nil',0,'0','2021-03-14 18:05:23'),(259,'jjj',283,9,'ذكر','--------------','','Reaction:GUE','Alkaline',0,'0','2021-03-14 20:22:34'),(260,'jjj',283,9,'ذكر','--------------','','R.B.Cs:GSE','2 - 3',0,'0','2021-03-14 20:23:48'),(261,'جديد للتجربة',292,18,'ذكر','عدوية شمس سعيد','تنانتا','Color:GSE','',0,'0','2021-03-14 20:29:09'),(262,'جديد للتجربة',292,18,'ذكر','عدوية شمس سعيد','تنانتا','Consistency','',0,'0','2021-03-14 20:29:10'),(263,'جديد للتجربة',292,18,'ذكر','عدوية شمس سعيد','تنانتا','R.B.Cs:GSE','',0,'0','2021-03-14 20:29:10'),(264,'جديد للتجربة',292,18,'ذكر','عدوية شمس سعيد','تنانتا','Pus cells:GSE','',0,'0','2021-03-14 20:29:11'),(265,'جديد للتجربة',292,18,'ذكر','عدوية شمس سعيد','تنانتا','E. Histolytica','',0,'0','2021-03-14 20:29:11'),(266,'جديد للتجربة',292,18,'ذكر','عدوية شمس سعيد','تنانتا','G. Lembilia','',0,'0','2021-03-14 20:29:11'),(267,'جديد للتجربة',292,18,'ذكر','عدوية شمس سعيد','تنانتا','Ova','',0,'0','2021-03-14 20:29:11'),(268,'جديد للتجربة',292,18,'ذكر','عدوية شمس سعيد','تنانتا','Bacteria:GSE','',0,'0','2021-03-14 20:29:12'),(269,'جديد للتجربة',292,18,'ذكر','عدوية شمس سعيد','تنانتا','Monillia:GSE','',0,'0','2021-03-14 20:29:12'),(270,'جديد للتجربة',292,18,'ذكر','عدوية شمس سعيد','تنانتا','Fatty drop:GSE','',0,'0','2021-03-14 20:29:13'),(271,'جديد للتجربة',292,18,'ذكر','عدوية شمس سعيد','تنانتا','Appearance','',0,'0','2021-03-14 20:29:36'),(272,'جديد للتجربة',292,18,'ذكر','عدوية شمس سعيد','تنانتا','Reaction:GUE','',0,'0','2021-03-14 20:29:36'),(273,'جديد للتجربة',292,18,'ذكر','عدوية شمس سعيد','تنانتا','Albumin','',0,'0','2021-03-14 20:29:37'),(274,'جديد للتجربة',292,18,'ذكر','عدوية شمس سعيد','تنانتا','Sugar','',0,'0','2021-03-14 20:29:37'),(275,'جديد للتجربة',292,18,'ذكر','عدوية شمس سعيد','تنانتا','RBCs:GUE','',0,'0','2021-03-14 20:29:38'),(276,'جديد للتجربة',292,18,'ذكر','عدوية شمس سعيد','تنانتا','Pus cells:GUE','',0,'0','2021-03-14 20:29:38'),(277,'جديد للتجربة',292,18,'ذكر','عدوية شمس سعيد','تنانتا','Epith .cells','',0,'0','2021-03-14 20:29:38'),(278,'جديد للتجربة',292,18,'ذكر','عدوية شمس سعيد','تنانتا','Crystals','',0,'0','2021-03-14 20:29:39'),(279,'جديد للتجربة',292,18,'ذكر','عدوية شمس سعيد','تنانتا','Casts','',0,'0','2021-03-14 20:29:39'),(280,'جديد للتجربة',292,18,'ذكر','عدوية شمس سعيد','تنانتا','Bacteria:GSE','',0,'0','2021-03-14 20:29:40'),(281,'جديد للتجربة',292,18,'ذكر','عدوية شمس سعيد','تنانتا','Monillia:GSE','',0,'0','2021-03-14 20:29:40'),(282,'جديد للتجربة',292,18,'ذكر','عدوية شمس سعيد','تنانتا','Fatty drop:GSE','',0,'0','2021-03-14 20:29:40'),(283,'جديد للتجربة',292,18,'ذكر','عدوية شمس سعيد','تنانتا','Volume','',0,'0','2021-03-14 20:29:54'),(284,'جديد للتجربة',292,18,'ذكر','عدوية شمس سعيد','تنانتا','Reaction:SFA','',0,'0','2021-03-14 20:29:54'),(285,'جديد للتجربة',292,18,'ذكر','عدوية شمس سعيد','تنانتا','Colour:SFA','',0,'0','2021-03-14 20:29:54'),(286,'جديد للتجربة',292,18,'ذكر','عدوية شمس سعيد','تنانتا','Liquefaction','',0,'0','2021-03-14 20:29:55'),(287,'جديد للتجربة',292,18,'ذكر','عدوية شمس سعيد','تنانتا','Count','0',0,'0','2021-03-14 20:29:55'),(288,'جديد للتجربة',292,18,'ذكر','عدوية شمس سعيد','تنانتا','Motility:Active','0',0,'0','2021-03-14 20:29:56'),(289,'جديد للتجربة',292,18,'ذكر','عدوية شمس سعيد','تنانتا','Motility:Sluggish','0',0,'0','2021-03-14 20:29:56'),(290,'جديد للتجربة',292,18,'ذكر','عدوية شمس سعيد','تنانتا','Motility:Dead','0',0,'0','2021-03-14 20:29:56'),(291,'جديد للتجربة',292,18,'ذكر','عدوية شمس سعيد','تنانتا','Morphology:Normal','0',0,'0','2021-03-14 20:29:57'),(292,'جديد للتجربة',292,18,'ذكر','عدوية شمس سعيد','تنانتا','Morphology:Abnormal','0',0,'0','2021-03-14 20:29:57'),(293,'جديد للتجربة',292,18,'ذكر','عدوية شمس سعيد','تنانتا','Morphology:Pus cells','',0,'0','2021-03-14 20:29:58'),(294,'جديد للتجربة',292,18,'ذكر','عدوية شمس سعيد','تنانتا','Random  blood sugar','2',2,'2','2021-03-14 20:30:08'),(295,'جديد للتجربة',292,18,'ذكر','عدوية شمس سعيد','تنانتا','Blood Urea','2',3,'3','2021-03-14 20:30:16'),(296,'جديد للتجربة',292,18,'ذكر','عدوية شمس سعيد','تنانتا','S. Creatinin','2',3,'3','2021-03-14 20:30:21'),(297,'جديد للتجربة',292,18,'ذكر','عدوية شمس سعيد','تنانتا','S. Uric acid','2',3,'3','2021-03-14 20:30:26'),(298,'جديد للتجربة',292,18,'ذكر','عدوية شمس سعيد','تنانتا','S. Cholesterol','2',3,'3','2021-03-14 20:30:34'),(299,'جديد للتجربة',292,18,'ذكر','عدوية شمس سعيد','تنانتا','S. Triglycerid','2',3,'3','2021-03-14 20:30:44'),(300,'جديد للتجربة',292,18,'ذكر','عدوية شمس سعيد','تنانتا','Total serum Bilirubin','2',3,'3','2021-03-14 20:30:52'),(301,'جديد للتجربة',292,18,'ذكر','عدوية شمس سعيد','تنانتا','Vitamin D','2',10,'10','2021-03-14 20:30:58'),(302,'جديد للتجربة',292,18,'ذكر','عدوية شمس سعيد','تنانتا','Hb','',3,'3','2021-03-14 20:32:38'),(303,'جديد للتجربة',292,18,'ذكر','عدوية شمس سعيد','تنانتا','PCV','8',3,'3','2021-03-14 20:32:48'),(304,'جديد للتجربة',292,18,'ذكر','عدوية شمس سعيد','تنانتا','WBCs','',3,'3','2021-03-14 20:32:55'),(305,'جديد للتجربة',292,18,'ذكر','عدوية شمس سعيد','تنانتا','E.S.R','',3,'3','2021-03-14 20:33:02'),(306,'جديد للتجربة',292,18,'ذكر','عدوية شمس سعيد','تنانتا','Blood Group','',3,'3','2021-03-14 20:33:10'),(307,'جديد للتجربة',292,18,'ذكر','عدوية شمس سعيد','تنانتا','Rh','Negative (-ve)',3,'3','2021-03-14 20:33:17'),(308,'جديد للتجربة',292,18,'ذكر','عدوية شمس سعيد','تنانتا','Pregnancy test  in urine','Positive (+ve)',3,'3','2021-03-14 20:33:24'),(309,'جديد للتجربة',292,18,'ذكر','عدوية شمس سعيد','تنانتا','Pregnancy test  in serum','Negative (-ve)',3,'3','2021-03-14 20:33:32'),(310,'جديد للتجربة',292,18,'ذكر','عدوية شمس سعيد','تنانتا','R.B.Sugar','',2,'2','2021-03-14 20:33:38'),(311,'جديد للتجربة',292,18,'ذكر','عدوية شمس سعيد','تنانتا','Bl. Urea','',3,'3','2021-03-14 20:33:43'),(312,'جديد للتجربة',292,18,'ذكر','عدوية شمس سعيد','تنانتا','Salmonella typhi  IgG','Negative (-ve)',4,'4','2021-03-14 20:33:49'),(313,'جديد للتجربة',292,18,'ذكر','عدوية شمس سعيد','تنانتا','Salmonella typhi  IgM','',4,'4','2021-03-14 20:34:07'),(314,'جديد للتجربة',292,18,'ذكر','عدوية شمس سعيد','تنانتا','Rose-Bengal test','Negative (-ve)',3,'3','2021-03-14 20:34:17'),(315,'جديد للتجربة',292,18,'ذكر','عدوية شمس سعيد','تنانتا','T3','',7,'7','2021-03-14 20:34:49'),(316,'جديد للتجربة',292,18,'ذكر','عدوية شمس سعيد','تنانتا','T4','',7,'7','2021-03-14 20:34:54'),(317,'جديد للتجربة',292,18,'ذكر','عدوية شمس سعيد','تنانتا','TSH','',7,'7','2021-03-14 20:34:58'),(318,'جديد للتجربة',292,18,'ذكر','عدوية شمس سعيد','تنانتا','LH','',10,'10','2021-03-14 20:35:02'),(319,'جديد للتجربة',292,18,'ذكر','عدوية شمس سعيد','تنانتا','FSH','',10,'10','2021-03-14 20:35:06'),(320,'جديد للتجربة',292,18,'ذكر','عدوية شمس سعيد','تنانتا','Prolactin','',10,'10','2021-03-14 20:35:10'),(321,'جديد للتجربة',292,18,'ذكر','عدوية شمس سعيد','تنانتا','Testosterone','',10,'10','2021-03-14 20:35:14'),(322,'جديد للتجربة',292,18,'ذكر','عدوية شمس سعيد','تنانتا','Toxoplasma IgG','0.7 Negative',10,'10','2021-03-14 20:35:20'),(323,'جديد للتجربة',292,18,'ذكر','عدوية شمس سعيد','تنانتا','Toxoplasma IgM','1.2 Positive',10,'10','2021-03-14 20:35:27'),(324,'جديد للتجربة',292,18,'ذكر','عدوية شمس سعيد','تنانتا','Cytomegalo Virus IgG','0.5 Negative',10,'10','2021-03-14 20:35:33'),(325,'جديد للتجربة',292,18,'ذكر','عدوية شمس سعيد','تنانتا','Cytomegalo Virus IgM','1.5 Positive',10,'10','2021-03-14 20:35:43'),(326,'جديد للتجربة',292,18,'ذكر','عدوية شمس سعيد','تنانتا','Rubella IgG','0.5 Negative',10,'10','2021-03-14 20:35:49'),(327,'جديد للتجربة',292,18,'ذكر','عدوية شمس سعيد','تنانتا','Rubella IgM','0.5 Negative',10,'10','2021-03-14 20:35:54'),(328,'جديد للتجربة',292,18,'ذكر','عدوية شمس سعيد','تنانتا','Anti - Phspholipin IgG','0.5 Negative',10,'10','2021-03-14 20:35:58'),(329,'جديد للتجربة',292,18,'ذكر','عدوية شمس سعيد','تنانتا','Anti - Phspholipin  IgM','0.5 Negative',10,'10','2021-03-14 20:36:03'),(330,'جديد للتجربة',292,18,'ذكر','عدوية شمس سعيد','تنانتا','Anti - Cardiolipin  IgG','1.1 Positive',10,'10','2021-03-14 20:36:10'),(331,'جديد للتجربة',292,18,'ذكر','عدوية شمس سعيد','تنانتا','Anti - Cardiolipin  IgM','1.4 Positive',10,'10','2021-03-14 20:36:16'),(332,'جديد للتجربة',292,18,'ذكر','عدوية شمس سعيد','تنانتا','Herps   IgG','1.5 Positive',10,'10','2021-03-14 20:36:24'),(333,'جديد للتجربة',292,18,'ذكر','عدوية شمس سعيد','تنانتا','Herpes  IgM','0.8 Negative',10,'10','2021-03-14 20:36:31'),(334,'جديد للتجربة',292,18,'ذكر','عدوية شمس سعيد','تنانتا','HBS Ag','Negative (-ve)',5,'5','2021-03-14 20:37:09'),(335,'جديد للتجربة',292,18,'ذكر','عدوية شمس سعيد','تنانتا','HCV Ab','Positive (+ve)',5,'5','2021-03-14 20:37:15'),(336,'جديد للتجربة',292,18,'ذكر','عدوية شمس سعيد','تنانتا','HIV','Negative (-ve)',5,'5','2021-03-14 20:37:21'),(337,'حميد',131,20,'ذكر','عدوية شمس سعيد','','Morphology:Pus cells','',0,'0','2021-03-14 21:10:24'),(338,'حميد',131,20,'ذكر','عدوية شمس سعيد','','Morphology:Normal','3',0,'0','2021-03-14 21:11:16'),(339,'حميييد',133,98,'ذكر','عدوية شمس سعيد','','Morphology:Normal','',0,'0','2021-03-14 21:12:47'),(340,'حميييد',133,98,'ذكر','عدوية شمس سعيد','','Volume','',0,'0','2021-03-14 21:14:18'),(341,'حميييد',133,98,'ذكر','عدوية شمس سعيد','','Reaction:SFA','',0,'0','2021-03-14 21:14:19'),(342,'حميييد',133,98,'ذكر','عدوية شمس سعيد','','Colour:SFA','',0,'0','2021-03-14 21:14:19'),(343,'حميييد',133,98,'ذكر','عدوية شمس سعيد','','Liquefaction','',0,'0','2021-03-14 21:14:19'),(344,'حميييد',133,98,'ذكر','عدوية شمس سعيد','','Count','',0,'0','2021-03-14 21:14:20'),(345,'حميييد',133,98,'ذكر','عدوية شمس سعيد','','Motility:Active','',0,'0','2021-03-14 21:14:20'),(346,'حميييد',133,98,'ذكر','عدوية شمس سعيد','','Motility:Sluggish','',0,'0','2021-03-14 21:14:21'),(347,'حميييد',133,98,'ذكر','عدوية شمس سعيد','','Motility:Dead','',0,'0','2021-03-14 21:14:21'),(348,'حميييد',133,98,'ذكر','عدوية شمس سعيد','','Morphology:Normal','',0,'0','2021-03-14 21:14:21'),(349,'حميييد',133,98,'ذكر','عدوية شمس سعيد','','Morphology:Abnormal','',0,'0','2021-03-14 21:14:22'),(350,'حميييد',133,98,'ذكر','عدوية شمس سعيد','','Morphology:Pus cells','',0,'0','2021-03-14 21:14:22'),(351,'جديد للتجربة',292,18,'ذكر','عدوية شمس سعيد','تنانتا','S.Calcium','234',3,'3','2021-03-14 21:58:40'),(352,'محمد حسن عباس',168,41,'ذكر','عدوية شمس سعيد','','Rh','Negative (-ve)',3,'3','2021-03-14 22:02:56'),(353,'محمد حسن عباس',168,41,'ذكر','عدوية شمس سعيد','','PCV','38',3,'3','2021-03-14 22:04:05'),(354,'هدى محمد جاسم',385,30,'انثى','عدوية شمس سعيد','','Color:GSE','',0,'0','2021-03-14 22:07:18'),(355,'هدى محمد جاسم',385,30,'انثى','عدوية شمس سعيد','','Consistency','',0,'0','2021-03-14 22:07:18'),(356,'هدى محمد جاسم',385,30,'انثى','عدوية شمس سعيد','','R.B.Cs:GSE','',0,'0','2021-03-14 22:07:19'),(357,'هدى محمد جاسم',385,30,'انثى','عدوية شمس سعيد','','Pus cells:GSE','',0,'0','2021-03-14 22:07:19'),(358,'هدى محمد جاسم',385,30,'انثى','عدوية شمس سعيد','','E. Histolytica','',0,'0','2021-03-14 22:07:19'),(359,'هدى محمد جاسم',385,30,'انثى','عدوية شمس سعيد','','G. Lembilia','',0,'0','2021-03-14 22:07:20'),(360,'هدى محمد جاسم',385,30,'انثى','عدوية شمس سعيد','','Ova','',0,'0','2021-03-14 22:07:20'),(361,'هدى محمد جاسم',385,30,'انثى','عدوية شمس سعيد','','Bacteria:GSE','',0,'0','2021-03-14 22:07:21'),(362,'هدى محمد جاسم',385,30,'انثى','عدوية شمس سعيد','','Monillia:GSE','',0,'0','2021-03-14 22:07:21'),(363,'هدى محمد جاسم',385,30,'انثى','عدوية شمس سعيد','','Fatty drop:GSE','',0,'0','2021-03-14 22:07:22'),(364,'هدى محمد جاسم',385,30,'انثى','عدوية شمس سعيد','','Random  blood sugar','12',2,'2','2021-03-14 22:10:53'),(365,'هدى محمد جاسم',385,30,'انثى','عدوية شمس سعيد','','Appearance','',0,'0','2021-03-14 22:11:09'),(366,'هدى محمد جاسم',385,30,'انثى','عدوية شمس سعيد','','Reaction:GUE','',0,'0','2021-03-14 22:11:09'),(367,'هدى محمد جاسم',385,30,'انثى','عدوية شمس سعيد','','Albumin','',0,'0','2021-03-14 22:11:10'),(368,'هدى محمد جاسم',385,30,'انثى','عدوية شمس سعيد','','Sugar','',0,'0','2021-03-14 22:11:10'),(369,'هدى محمد جاسم',385,30,'انثى','عدوية شمس سعيد','','RBCs:GUE','',0,'0','2021-03-14 22:11:11'),(370,'هدى محمد جاسم',385,30,'انثى','عدوية شمس سعيد','','Pus cells:GUE','',0,'0','2021-03-14 22:11:11'),(371,'هدى محمد جاسم',385,30,'انثى','عدوية شمس سعيد','','Epith .cells','',0,'0','2021-03-14 22:11:12'),(372,'هدى محمد جاسم',385,30,'انثى','عدوية شمس سعيد','','Crystals','',0,'0','2021-03-14 22:11:12'),(373,'هدى محمد جاسم',385,30,'انثى','عدوية شمس سعيد','','Casts','',0,'0','2021-03-14 22:11:12'),(374,'هدى محمد جاسم',385,30,'انثى','عدوية شمس سعيد','','Bacteria:GSE','',0,'0','2021-03-14 22:11:13'),(375,'هدى محمد جاسم',385,30,'انثى','عدوية شمس سعيد','','Monillia:GSE','',0,'0','2021-03-14 22:11:13'),(376,'هدى محمد جاسم',385,30,'انثى','عدوية شمس سعيد','','Fatty drop:GSE','',0,'0','2021-03-14 22:11:14'),(377,'هدى محمد جاسم',385,30,'انثى','عدوية شمس سعيد','','Volume','',0,'0','2021-03-14 22:16:08'),(378,'هدى محمد جاسم',385,30,'انثى','عدوية شمس سعيد','','Reaction:SFA','',0,'0','2021-03-14 22:16:08'),(379,'هدى محمد جاسم',385,30,'انثى','عدوية شمس سعيد','','Colour:SFA','',0,'0','2021-03-14 22:16:09'),(380,'هدى محمد جاسم',385,30,'انثى','عدوية شمس سعيد','','Liquefaction','',0,'0','2021-03-14 22:16:09'),(381,'هدى محمد جاسم',385,30,'انثى','عدوية شمس سعيد','','Count','',0,'0','2021-03-14 22:16:10'),(382,'هدى محمد جاسم',385,30,'انثى','عدوية شمس سعيد','','Motility:Active','',0,'0','2021-03-14 22:16:10'),(383,'هدى محمد جاسم',385,30,'انثى','عدوية شمس سعيد','','Motility:Sluggish','',0,'0','2021-03-14 22:16:11'),(384,'هدى محمد جاسم',385,30,'انثى','عدوية شمس سعيد','','Motility:Dead','',0,'0','2021-03-14 22:16:11'),(385,'هدى محمد جاسم',385,30,'انثى','عدوية شمس سعيد','','Morphology:Normal','',0,'0','2021-03-14 22:16:11'),(386,'هدى محمد جاسم',385,30,'انثى','عدوية شمس سعيد','','Morphology:Abnormal','',0,'0','2021-03-14 22:16:12'),(387,'هدى محمد جاسم',385,30,'انثى','عدوية شمس سعيد','','Morphology:Pus cells','',0,'0','2021-03-14 22:16:12'),(388,'عععععع',419,89,'ذكر','داود سلمان','','Color:GSE','',0,'0','2021-03-14 23:40:12'),(389,'عععععع',419,89,'ذكر','داود سلمان','','Consistency','',0,'0','2021-03-14 23:40:13'),(390,'عععععع',419,89,'ذكر','داود سلمان','','R.B.Cs:GSE','',0,'0','2021-03-14 23:40:13'),(391,'عععععع',419,89,'ذكر','داود سلمان','','Pus cells:GSE','',0,'0','2021-03-14 23:40:13'),(392,'عععععع',419,89,'ذكر','داود سلمان','','E. Histolytica','',0,'0','2021-03-14 23:40:14'),(393,'عععععع',419,89,'ذكر','داود سلمان','','G. Lembilia','',0,'0','2021-03-14 23:40:14'),(394,'عععععع',419,89,'ذكر','داود سلمان','','Ova','',0,'0','2021-03-14 23:40:14'),(395,'عععععع',419,89,'ذكر','داود سلمان','','Bacteria:GSE','',0,'0','2021-03-14 23:40:15'),(396,'عععععع',419,89,'ذكر','داود سلمان','','Monillia:GSE','',0,'0','2021-03-14 23:40:15'),(397,'عععععع',419,89,'ذكر','داود سلمان','','Fatty drop:GSE','',0,'0','2021-03-14 23:40:15'),(398,'عععععع',419,89,'ذكر','داود سلمان','','Appearance','',0,'0','2021-03-14 23:50:39'),(399,'عععععع',419,89,'ذكر','داود سلمان','','Reaction:GUE','',0,'0','2021-03-14 23:50:39'),(400,'عععععع',419,89,'ذكر','داود سلمان','','Albumin','',0,'0','2021-03-14 23:50:40'),(401,'عععععع',419,89,'ذكر','داود سلمان','','Sugar','',0,'0','2021-03-14 23:50:40'),(402,'عععععع',419,89,'ذكر','داود سلمان','','RBCs:GUE','',0,'0','2021-03-14 23:50:40'),(403,'عععععع',419,89,'ذكر','داود سلمان','','Pus cells:GUE','',0,'0','2021-03-14 23:50:41'),(404,'عععععع',419,89,'ذكر','داود سلمان','','Epith .cells','',0,'0','2021-03-14 23:50:41'),(405,'عععععع',419,89,'ذكر','داود سلمان','','Crystals','',0,'0','2021-03-14 23:50:42'),(406,'عععععع',419,89,'ذكر','داود سلمان','','Casts','',0,'0','2021-03-14 23:50:42'),(407,'عععععع',419,89,'ذكر','داود سلمان','','Bacteria:GSE','',0,'0','2021-03-14 23:50:42'),(408,'عععععع',419,89,'ذكر','داود سلمان','','Monillia:GSE','',0,'0','2021-03-14 23:50:43'),(409,'عععععع',419,89,'ذكر','داود سلمان','','Fatty drop:GSE','',0,'0','2021-03-14 23:50:43'),(410,'عععععع',419,89,'ذكر','داود سلمان','','Volume','',0,'0','2021-03-14 23:51:23'),(411,'عععععع',419,89,'ذكر','داود سلمان','','Reaction:SFA','',0,'0','2021-03-14 23:51:24'),(412,'عععععع',419,89,'ذكر','داود سلمان','','Colour:SFA','',0,'0','2021-03-14 23:51:24'),(413,'عععععع',419,89,'ذكر','داود سلمان','','Liquefaction','',0,'0','2021-03-14 23:51:24'),(414,'عععععع',419,89,'ذكر','داود سلمان','','Count','',0,'0','2021-03-14 23:51:25'),(415,'عععععع',419,89,'ذكر','داود سلمان','','Motility:Active','',0,'0','2021-03-14 23:51:25'),(416,'عععععع',419,89,'ذكر','داود سلمان','','Motility:Sluggish','',0,'0','2021-03-14 23:51:26'),(417,'عععععع',419,89,'ذكر','داود سلمان','','Motility:Dead','',0,'0','2021-03-14 23:51:26'),(418,'عععععع',419,89,'ذكر','داود سلمان','','Morphology:Normal','',0,'0','2021-03-14 23:51:27'),(419,'عععععع',419,89,'ذكر','داود سلمان','','Morphology:Abnormal','',0,'0','2021-03-14 23:51:27'),(420,'عععععع',419,89,'ذكر','داود سلمان','','Morphology:Pus cells','',0,'0','2021-03-14 23:51:27');
/*!40000 ALTER TABLE `addnewitem` ENABLE KEYS */;
UNLOCK TABLES;

--
-- Table structure for table `adduser`
--

DROP TABLE IF EXISTS `adduser`;
/*!40101 SET @saved_cs_client     = @@character_set_client */;
/*!50503 SET character_set_client = utf8mb4 */;
CREATE TABLE `adduser` (
  `id` int NOT NULL AUTO_INCREMENT,
  `user_name` varchar(255) NOT NULL,
  `user_password` varchar(255) NOT NULL,
  `user_mail` varchar(255) NOT NULL,
  `date` datetime DEFAULT NULL,
  PRIMARY KEY (`id`)
) ENGINE=InnoDB AUTO_INCREMENT=5 DEFAULT CHARSET=utf8;
/*!40101 SET character_set_client = @saved_cs_client */;

--
-- Dumping data for table `adduser`
--

LOCK TABLES `adduser` WRITE;
/*!40000 ALTER TABLE `adduser` DISABLE KEYS */;
INSERT INTO `adduser` VALUES (3,'ali','5','a',NULL),(4,'ameer','5','a',NULL);
/*!40000 ALTER TABLE `adduser` ENABLE KEYS */;
UNLOCK TABLES;

--
-- Table structure for table `doctor`
--

DROP TABLE IF EXISTS `doctor`;
/*!40101 SET @saved_cs_client     = @@character_set_client */;
/*!50503 SET character_set_client = utf8mb4 */;
CREATE TABLE `doctor` (
  `id` int NOT NULL AUTO_INCREMENT,
  `uid` varchar(255) DEFAULT NULL,
  `action` varchar(45) DEFAULT NULL,
  `table` varchar(45) DEFAULT NULL,
  `date` varchar(45) DEFAULT NULL,
  PRIMARY KEY (`id`)
) ENGINE=InnoDB AUTO_INCREMENT=2 DEFAULT CHARSET=utf8;
/*!40101 SET character_set_client = @saved_cs_client */;

--
-- Dumping data for table `doctor`
--

LOCK TABLES `doctor` WRITE;
/*!40000 ALTER TABLE `doctor` DISABLE KEYS */;
INSERT INTO `doctor` VALUES (1,'1','1','1','datetime.datetime.now()');
/*!40000 ALTER TABLE `doctor` ENABLE KEYS */;
UNLOCK TABLES;

--
-- Table structure for table `his`
--

DROP TABLE IF EXISTS `his`;
/*!40101 SET @saved_cs_client     = @@character_set_client */;
/*!50503 SET character_set_client = utf8mb4 */;
CREATE TABLE `his` (
  `id` int NOT NULL AUTO_INCREMENT,
  `uid` int DEFAULT NULL,
  `action` int DEFAULT NULL,
  `tabled` int DEFAULT NULL,
  `dates` datetime DEFAULT NULL,
  `def` int NOT NULL,
  PRIMARY KEY (`id`)
) ENGINE=InnoDB AUTO_INCREMENT=593 DEFAULT CHARSET=utf8;
/*!40101 SET character_set_client = @saved_cs_client */;

--
-- Dumping data for table `his`
--

LOCK TABLES `his` WRITE;
/*!40000 ALTER TABLE `his` DISABLE KEYS */;
INSERT INTO `his` VALUES (477,4,6,2,'2021-02-26 03:30:12',1),(478,3,1,5,'2021-02-26 03:30:19',1),(479,4,6,2,'2021-02-26 03:31:17',1),(480,3,1,5,'2021-02-26 03:31:25',1),(481,4,6,2,'2021-02-26 03:31:58',1),(482,3,1,5,'2021-02-26 03:32:05',1),(483,4,6,2,'2021-02-26 03:32:35',1),(484,4,6,2,'2021-02-26 03:32:51',1),(485,4,6,2,'2021-02-26 03:35:06',1),(486,3,1,5,'2021-02-26 03:35:15',1),(487,4,6,2,'2021-02-26 03:35:41',1),(488,3,1,5,'2021-02-26 03:35:48',1),(489,4,6,2,'2021-02-26 03:36:39',1),(490,3,1,5,'2021-02-26 03:36:48',1),(491,4,6,2,'2021-02-26 03:37:10',1),(492,4,6,2,'2021-02-26 03:37:51',1),(493,4,6,2,'2021-02-26 03:38:26',1),(494,3,1,5,'2021-02-26 03:38:34',1),(495,4,6,2,'2021-02-26 03:39:54',1),(496,4,1,5,'2021-02-26 03:40:00',1),(497,4,6,2,'2021-02-26 03:40:23',1),(498,4,6,2,'2021-02-26 03:41:11',1),(499,3,1,5,'2021-02-26 03:41:26',1),(500,4,6,2,'2021-02-26 03:42:24',1),(501,3,1,5,'2021-02-26 03:42:32',1),(502,4,6,2,'2021-02-26 03:43:10',1),(503,3,1,5,'2021-02-26 03:43:16',1),(504,4,6,2,'2021-02-26 03:43:35',1),(505,3,1,5,'2021-02-26 03:43:49',1),(506,4,6,2,'2021-02-26 03:44:09',1),(507,3,1,5,'2021-02-26 03:44:16',1),(508,4,6,2,'2021-02-26 03:44:47',1),(509,3,1,5,'2021-02-26 03:44:53',1),(510,4,6,2,'2021-02-26 03:45:48',1),(511,3,1,5,'2021-02-26 03:45:57',1),(512,4,6,2,'2021-02-26 03:46:13',1),(513,3,1,5,'2021-02-26 03:46:21',1),(514,4,6,2,'2021-02-26 03:47:10',1),(515,3,1,5,'2021-02-26 03:47:17',1),(516,4,6,2,'2021-02-26 03:47:50',1),(517,3,1,5,'2021-02-26 03:47:58',1),(518,4,6,2,'2021-02-26 03:48:56',1),(519,4,6,2,'2021-02-26 14:55:34',1),(520,4,6,2,'2021-02-26 14:56:43',1),(521,4,6,2,'2021-02-26 14:56:54',1),(522,4,6,2,'2021-02-26 14:58:05',1),(523,3,1,5,'2021-02-26 14:58:13',1),(524,4,6,2,'2021-02-26 14:58:55',1),(525,4,6,2,'2021-02-26 14:59:53',1),(526,4,6,2,'2021-02-26 15:01:48',1),(527,4,6,2,'2021-02-26 15:02:50',1),(528,4,6,2,'2021-02-26 15:03:42',1),(529,4,6,2,'2021-02-26 15:04:12',1),(530,3,1,5,'2021-02-26 15:04:20',1),(531,4,6,2,'2021-02-26 15:05:04',1),(532,3,1,5,'2021-02-26 15:05:13',1),(533,4,6,2,'2021-02-26 15:08:57',1),(534,4,6,2,'2021-02-26 15:09:18',1),(535,4,6,2,'2021-02-26 15:09:42',1),(536,4,6,2,'2021-02-26 15:10:50',1),(537,3,1,5,'2021-02-26 15:11:00',1),(538,4,6,2,'2021-02-26 15:11:43',1),(539,3,1,5,'2021-02-26 15:11:51',1),(540,4,6,2,'2021-02-26 15:12:34',1),(541,3,1,5,'2021-02-26 15:12:40',1),(542,4,6,2,'2021-02-26 15:13:28',1),(543,4,6,2,'2021-02-26 15:16:31',1),(544,4,6,2,'2021-02-26 15:17:31',1),(545,4,6,2,'2021-02-26 15:22:24',1),(546,3,1,5,'2021-02-26 15:22:40',1),(547,4,6,2,'2021-02-26 15:26:23',1),(548,3,1,5,'2021-02-26 15:26:29',1),(549,4,6,2,'2021-02-26 15:28:55',1),(550,4,6,2,'2021-02-26 15:29:27',1),(551,3,1,5,'2021-02-26 15:29:33',1),(552,4,6,2,'2021-02-26 15:29:58',1),(553,3,1,5,'2021-02-26 15:30:05',1),(554,4,6,2,'2021-02-26 15:30:35',1),(555,3,1,5,'2021-02-26 15:30:43',1),(556,4,6,2,'2021-02-26 15:31:03',1),(557,3,1,5,'2021-02-26 15:31:09',1),(558,4,6,2,'2021-02-26 15:32:20',1),(559,3,1,5,'2021-02-26 15:32:28',1),(560,4,6,2,'2021-02-26 15:32:53',1),(561,3,1,5,'2021-02-26 15:33:02',1),(562,4,6,2,'2021-02-26 15:33:43',1),(563,4,6,2,'2021-02-26 15:34:26',1),(564,4,6,2,'2021-02-26 15:36:41',1),(565,3,1,5,'2021-02-26 15:36:50',1),(566,4,6,2,'2021-02-26 15:37:58',1),(567,3,1,5,'2021-02-26 15:38:06',1),(568,4,6,2,'2021-02-26 15:39:14',1),(569,4,6,2,'2021-02-26 15:41:10',1),(570,4,6,2,'2021-02-26 15:43:11',1),(571,4,6,2,'2021-02-26 15:49:51',1),(572,4,6,2,'2021-02-26 15:50:44',1),(573,4,6,2,'2021-02-26 15:51:52',1),(574,4,6,2,'2021-02-26 15:53:07',1),(575,4,6,2,'2021-02-26 15:55:56',1),(576,4,6,2,'2021-02-26 15:57:11',1),(577,4,6,2,'2021-02-26 15:57:33',1),(578,4,6,2,'2021-02-26 15:57:52',1),(579,4,6,2,'2021-02-26 15:58:35',1),(580,4,6,2,'2021-02-26 15:58:47',1),(581,4,6,2,'2021-02-26 15:59:04',1),(582,3,1,5,'2021-02-26 15:59:11',1),(583,4,6,2,'2021-02-26 16:00:24',1),(584,4,6,2,'2021-02-26 16:01:09',1),(585,4,6,2,'2021-02-26 16:08:41',1),(586,4,6,2,'2021-02-26 16:08:53',1),(587,3,1,5,'2021-02-26 16:09:01',1),(588,4,6,2,'2021-02-26 16:09:47',1),(589,3,1,5,'2021-02-26 16:09:58',1),(590,4,6,2,'2021-02-26 16:16:16',1),(591,3,1,5,'2021-02-26 16:16:24',1),(592,3,6,5,'2021-02-26 16:16:58',1);
/*!40000 ALTER TABLE `his` ENABLE KEYS */;
UNLOCK TABLES;

--
-- Table structure for table `paths`
--

DROP TABLE IF EXISTS `paths`;
/*!40101 SET @saved_cs_client     = @@character_set_client */;
/*!50503 SET character_set_client = utf8mb4 */;
CREATE TABLE `paths` (
  `id` int NOT NULL AUTO_INCREMENT,
  `file_path` varchar(255) DEFAULT NULL,
  `save_file_path` varchar(255) DEFAULT NULL,
  PRIMARY KEY (`id`)
) ENGINE=InnoDB AUTO_INCREMENT=2 DEFAULT CHARSET=utf8;
/*!40101 SET character_set_client = @saved_cs_client */;

--
-- Dumping data for table `paths`
--

LOCK TABLES `paths` WRITE;
/*!40000 ALTER TABLE `paths` DISABLE KEYS */;
INSERT INTO `paths` VALUES (1,'F:\\برنامج التحليلات\\word','F:\\برنامج التحليلات');
/*!40000 ALTER TABLE `paths` ENABLE KEYS */;
UNLOCK TABLES;

--
-- Table structure for table `report`
--

DROP TABLE IF EXISTS `report`;
/*!40101 SET @saved_cs_client     = @@character_set_client */;
/*!50503 SET character_set_client = utf8mb4 */;
CREATE TABLE `report` (
  `id` int NOT NULL AUTO_INCREMENT,
  `date` date NOT NULL,
  `time` time NOT NULL,
  `report_type` int NOT NULL,
  PRIMARY KEY (`id`)
) ENGINE=InnoDB DEFAULT CHARSET=utf8;
/*!40101 SET character_set_client = @saved_cs_client */;

--
-- Dumping data for table `report`
--

LOCK TABLES `report` WRITE;
/*!40000 ALTER TABLE `report` DISABLE KEYS */;
/*!40000 ALTER TABLE `report` ENABLE KEYS */;
UNLOCK TABLES;

--
-- Table structure for table `userper`
--

DROP TABLE IF EXISTS `userper`;
/*!40101 SET @saved_cs_client     = @@character_set_client */;
/*!50503 SET character_set_client = utf8mb4 */;
CREATE TABLE `userper` (
  `id` int NOT NULL AUTO_INCREMENT,
  `add_sale_item_page` int NOT NULL,
  `analyst_page` int NOT NULL,
  `clients_page` int NOT NULL,
  `history_page` int NOT NULL,
  `settings_page` int NOT NULL,
  `show_analyst` int NOT NULL,
  `add_analyst` int NOT NULL,
  `edit_analyst` int NOT NULL,
  `delete_analyst` int NOT NULL,
  `change_theme` int NOT NULL,
  `add_buys` int NOT NULL,
  `report` int NOT NULL,
  PRIMARY KEY (`id`)
) ENGINE=InnoDB DEFAULT CHARSET=utf8;
/*!40101 SET character_set_client = @saved_cs_client */;

--
-- Dumping data for table `userper`
--

LOCK TABLES `userper` WRITE;
/*!40000 ALTER TABLE `userper` DISABLE KEYS */;
/*!40000 ALTER TABLE `userper` ENABLE KEYS */;
UNLOCK TABLES;
/*!40103 SET TIME_ZONE=@OLD_TIME_ZONE */;

/*!40101 SET SQL_MODE=@OLD_SQL_MODE */;
/*!40014 SET FOREIGN_KEY_CHECKS=@OLD_FOREIGN_KEY_CHECKS */;
/*!40014 SET UNIQUE_CHECKS=@OLD_UNIQUE_CHECKS */;
/*!40101 SET CHARACTER_SET_CLIENT=@OLD_CHARACTER_SET_CLIENT */;
/*!40101 SET CHARACTER_SET_RESULTS=@OLD_CHARACTER_SET_RESULTS */;
/*!40101 SET COLLATION_CONNECTION=@OLD_COLLATION_CONNECTION */;
/*!40111 SET SQL_NOTES=@OLD_SQL_NOTES */;

-- Dump completed on 2021-03-15  1:27:05
